web-scraper-order,web-scraper-start-url,Games,Games-href,League,Date,HomeTeam,AwayTeam,ODDH,ODDD,ODDA,ODD_25+,ODD_25-,Tag25,ODD_15+,ODD_15-,Tag15,ODD_35+,ODD_35-,Tag35,ODD_BthScore_Yes,ODD_BthScore_No,TagBS,ODD_1X,ODD_12,ODD_X2,Tag1X,Tag12,TagX2,Current_Date,SOdds
1601720677-97,https://www.betano.pt/sport/futebol/espanha/laliga/5/,"Real Sociedad
              
                Getafe",https://www.betano.pt/odds/real-sociedad-getafe/6641035/,LaLiga,"Sábado, 3 Outubro 2020 17:30",Real Sociedad,Getafe,2.19,2.94,3.55,1.45,2.25,Mais de1.5,2.4,1.4,Mais de2.5,4.35,1.11,Mais de3.5,2.02,1.57,Ambas Equipas Marcam (Sim/Não),1.25,1.32,1.61,1X,12.0,2X,"Sábado, 3 Outubro 2020 11:23",
1601720707-100,https://www.betano.pt/sport/futebol/portugal/primeira-liga/17083/,"Sporting CP
              
                FC Porto",https://www.betano.pt/odds/sporting-cp-fc-porto/6644925/,Primeira Liga,"Terça-feira, 20 Outubro 2020 20:00",Sporting CP,FC Porto,3.05,3.3,2.25,1.83,1.65,Mais de2.5,1.25,2.84,Mais de1.5,3.05,1.22,Mais de3.5,1.65,1.83,Ambas Equipas Marcam (Sim/Não),1.57,1.25,1.33,1X,12.0,2X,"Sábado, 3 Outubro 2020 11:24",
1601720747-105,https://www.betano.pt/sport/futebol/portugal/primeira-liga/17083/,"Boavista FC
              
                Vitória Guimarães",https://www.betano.pt/odds/boavista-fc-vitoria-guimaraes/6644919/,Primeira Liga,"Terça-feira, 20 Outubro 2020 20:00",Boavista FC,Vitória Guimarães,3.2,3.2,2.2,2.05,1.5,Mais de2.5,1.33,2.5,Mais de1.5,3.6,1.15,Mais de3.5,1.8,1.67,Ambas Equipas Marcam (Sim/Não),1.57,1.26,1.31,1X,12.0,2X,"Sábado, 3 Outubro 2020 11:24",
1601720491-76,https://www.betano.pt/sport/futebol/inglaterra/championship/2r/,"Norwich City
              
                Derby County",https://www.betano.pt/odds/norwich-city-derby-county/6411301/,Championship,"Sábado, 3 Outubro 2020 12:30",Norwich City,Derby County,1.7,3.8,4.45,1.57,1.95,Mais de2.5,1.16,3.45,Mais de1.5,2.4,1.36,Mais de3.5,1.57,1.95,Ambas Equipas Marcam (Sim/Não),1.17,1.19,2.05,1X,12.0,2X,"Sábado, 3 Outubro 2020 11:18",
1601720943-129,https://www.betano.pt/sport/futebol/italia/serie-a/1635/,"Benevento Calcio
              
                Bolonha",https://www.betano.pt/odds/benevento-calcio-bolonha/6595030/,Série A,"Domingo, 4 Outubro 2020 14:00",Benevento Calcio,Bolonha,3.0,3.5,2.17,1.57,2.02,Mais de2.5,1.17,3.65,Mais de1.5,2.4,1.4,Mais de3.5,1.5,2.19,Ambas Equipas Marcam (Sim/Não),1.61,1.23,1.33,1X,12.0,2X,"Sábado, 3 Outubro 2020 11:27",
1601719945-11,https://www.betano.pt/sport/futebol/holanda/eredivisie/17067r/,"Willem II Tilburg
              
                Feyenoord",https://www.betano.pt/odds/willem-ii-tilburg-feyenoord/6419535/,Eredivisie,"Domingo, 4 Outubro 2020 13:30",Willem II Tilburg,Feyenoord,3.8,3.9,1.78,1.47,2.13,Mais de2.5,1.12,3.9,Mais de1.5,2.2,1.44,Mais de3.5,1.45,2.16,Ambas Equipas Marcam (Sim/Não),1.91,1.17,1.22,1X,12.0,2X,"Sábado, 3 Outubro 2020 11:10",
1601720950-130,https://www.betano.pt/sport/futebol/italia/serie-a/1635/,"Atalanta
              
                Cagliari",https://www.betano.pt/odds/atalanta-cagliari/6595029/,Série A,"Domingo, 4 Outubro 2020 11:30",Atalanta,Cagliari,1.24,5.85,9.75,1.80,1.75,Mais de3.5,1.07,5.15,Mais de1.5,1.3,2.76,Mais de2.5,1.61,1.95,Ambas Equipas Marcam (Sim/Não),1.03,1.11,3.65,1X,12.0,2X,"Sábado, 3 Outubro 2020 11:27",
1601721098-148,https://www.betano.pt/sport/futebol/inglaterra/premier-league/1/,"Newcastle
              
                Burnley",https://www.betano.pt/odds/newcastle-burnley/6458226/,Premier League,"Sábado, 3 Outubro 2020 20:00",Newcastle,Burnley,2.5,3.05,2.82,2.05,1.55,Mais de2.5,1.33,2.62,Mais de1.5,3.55,1.18,Mais de3.5,1.78,1.75,Ambas Equipas Marcam (Sim/Não),1.38,1.28,1.47,1X,12.0,2X,"Sábado, 3 Outubro 2020 11:29",
1601720887-122,https://www.betano.pt/sport/futebol/italia/serie-a/1635/,"Sampdoria
              
                Lázio",https://www.betano.pt/odds/sampdoria-lazio/6650713/,Série A,"Sábado, 17 Outubro 2020 17:00",Sampdoria,Lázio,4.4,3.8,1.7,1.57,2.02,Mais de2.5,1.17,3.65,Mais de1.5,2.4,1.4,Mais de3.5,1.55,2.05,Ambas Equipas Marcam (Sim/Não),2.02,1.2,1.17,1X,12.0,2X,"Sábado, 3 Outubro 2020 11:27",
1601720058-24,https://www.betano.pt/sport/futebol/alemanha/bundesliga/216r/,"Hertha Berlin
              
                Estugarda",https://www.betano.pt/odds/hertha-berlin-estugarda/6632979/,Bundesliga,"Sábado, 17 Outubro 2020 14:30",Hertha Berlin,Estugarda,2.11,3.45,3.15,1.50,2.14,Mais de2.5,1.15,3.85,Mais de1.5,2.25,1.45,Mais de3.5,1.42,2.33,Ambas Equipas Marcam (Sim/Não),1.31,1.23,1.65,1X,12.0,2X,"Sábado, 3 Outubro 2020 11:13",
1601720454-71,https://www.betano.pt/sport/futebol/inglaterra/championship/2r/,"Rotherham
              
                Huddersfield",https://www.betano.pt/odds/rotherham-huddersfield/6411310/,Championship,"Sábado, 3 Outubro 2020 15:00",Rotherham,Huddersfield,2.33,3.1,3.05,2.00,1.55,Mais de2.5,1.31,2.58,Mais de1.5,3.4,1.17,Mais de3.5,1.72,1.75,Ambas Equipas Marcam (Sim/Não),1.33,1.27,1.53,1X,12.0,2X,"Sábado, 3 Outubro 2020 11:18",
1601720358-58,https://www.betano.pt/sport/futebol/inglaterra/championship/2r/,"Blackburn Rovers
              
                Nottingham Forest",https://www.betano.pt/odds/blackburn-rovers-nottingham-forest/6539929/,Championship,"Sábado, 17 Outubro 2020 15:00",Blackburn Rovers,Nottingham Forest,2.25,3.35,2.96,1.30,1.5,1X,,,,,,,,,,,,,,,,"Sábado, 3 Outubro 2020 11:18",
1601721044-141,https://www.betano.pt/sport/futebol/inglaterra/premier-league/1/,"Everton
              
                Liverpool",https://www.betano.pt/odds/everton-liverpool/6458217/,Premier League,"Sábado, 17 Outubro 2020 12:30",Everton,Liverpool,4.65,3.75,1.67,1.55,2.05,Mais de2.5,1.16,3.7,Mais de1.5,2.35,1.42,Mais de3.5,1.55,2.05,Ambas Equipas Marcam (Sim/Não),2.05,1.2,1.16,1X,12.0,2X,"Sábado, 3 Outubro 2020 11:29",
1601720172-35,https://www.betano.pt/sport/futebol/franca/ligue-1/215r/,"Stade Reims
              
                FC Lorient",https://www.betano.pt/odds/stade-reims-fc-lorient/6551760/,Ligue 1,"Domingo, 18 Outubro 2020 19:00",Stade Reims,FC Lorient,2.05,3.35,3.4,1.83,1.65,Mais de2.5,1.26,2.82,Mais de1.5,3.05,1.22,Mais de3.5,1.67,1.8,Ambas Equipas Marcam (Sim/Não),1.27,1.24,1.67,1X,12.0,2X,"Sábado, 3 Outubro 2020 11:16",
1601720424-67,https://www.betano.pt/sport/futebol/inglaterra/championship/2r/,"Brentford FC
              
                Preston",https://www.betano.pt/odds/brentford-fc-preston/6411330/,Championship,"Domingo, 4 Outubro 2020 14:00",Brentford FC,Preston,1.7,3.65,4.6,1.75,1.72,Mais de2.5,1.23,2.98,Mais de1.5,2.86,1.25,Mais de3.5,1.7,1.78,Ambas Equipas Marcam (Sim/Não),1.16,1.2,2.02,1X,12.0,2X,"Sábado, 3 Outubro 2020 11:18",
1601720365-59,https://www.betano.pt/sport/futebol/inglaterra/championship/2r/,"Birmingham
              
                Sheffield Wednesday",https://www.betano.pt/odds/birmingham-sheffield-wednesday/6539928/,Championship,"Sábado, 17 Outubro 2020 15:00",Birmingham,Sheffield Wednesday,2.45,3.3,2.72,1.35,1.42,1X,,,,,,,,,,,,,,,,"Sábado, 3 Outubro 2020 11:18",
1601719892-4,https://www.betano.pt/sport/futebol/holanda/eredivisie/17067r/,"Den Haag
              
                Vitesse",https://www.betano.pt/odds/den-haag-vitesse/6548891/,Eredivisie,"Domingo, 18 Outubro 2020 13:30",Den Haag,Vitesse,3.6,3.6,1.91,1.70,1.21,1X,,,,,,,,,,,,,,,,"Sábado, 3 Outubro 2020 11:10",
1601720156-34,https://www.betano.pt/sport/futebol/alemanha/bundesliga/216r/,"Borussia Dortmund
              
                Friburgo",https://www.betano.pt/odds/borussia-dortmund-friburgo/6562362/,Bundesliga,"Sábado, 3 Outubro 2020 14:30",Borussia Dortmund,Friburgo,1.33,5.1,7.45,2.05,1.55,Mais de3.5,1.1,4.45,Mais de1.5,1.42,2.35,Mais de2.5,1.65,1.91,Ambas Equipas Marcam (Sim/Não),1.05,1.11,3.0,1X,12.0,2X,"Sábado, 3 Outubro 2020 11:13",
1601721091-147,https://www.betano.pt/sport/futebol/inglaterra/premier-league/1/,"Leicester
              
                West Ham",https://www.betano.pt/odds/leicester-west-ham/6458222/,Premier League,"Domingo, 4 Outubro 2020 12:00",Leicester,West Ham,1.67,3.9,4.45,1.55,2.05,Mais de2.5,1.15,3.8,Mais de1.5,2.37,1.42,Mais de3.5,1.55,2.05,Ambas Equipas Marcam (Sim/Não),1.17,1.19,2.05,1X,12.0,2X,"Sábado, 3 Outubro 2020 11:29",
1601720446-70,https://www.betano.pt/sport/futebol/inglaterra/championship/2r/,"Sheffield Wednesday
              
                Queens Park Rangers",https://www.betano.pt/odds/sheffield-wednesday-queens-park-rangers/6411319/,Championship,"Sábado, 3 Outubro 2020 15:00",Sheffield Wednesday,Queens Park Rangers,2.05,3.2,3.6,1.80,1.67,Mais de2.5,1.25,2.86,Mais de1.5,2.94,1.23,Mais de3.5,1.63,1.87,Ambas Equipas Marcam (Sim/Não),1.25,1.25,1.67,1X,12.0,2X,"Sábado, 3 Outubro 2020 11:18",
1601720409-65,https://www.betano.pt/sport/futebol/inglaterra/championship/2r/,"Derby County
              
                Watford",https://www.betano.pt/odds/derby-county-watford/6539936/,Championship,"Sexta-feira, 16 Outubro 2020 19:45",Derby County,Watford,3.15,3.25,2.2,1.53,1.26,1X,,,,,,,,,,,,,,,,"Sábado, 3 Outubro 2020 11:18",
1601720863-119,https://www.betano.pt/sport/futebol/italia/serie-a/1635/,"Torino
              
                Cagliari",https://www.betano.pt/odds/torino-cagliari/6650716/,Série A,"Domingo, 18 Outubro 2020 14:00",Torino,Cagliari,2.25,3.3,2.98,1.67,1.87,Mais de2.5,1.21,3.3,Mais de1.5,2.66,1.33,Mais de3.5,1.55,2.05,Ambas Equipas Marcam (Sim/Não),1.35,1.26,1.55,1X,12.0,2X,"Sábado, 3 Outubro 2020 11:27",
1601720477-74,https://www.betano.pt/sport/futebol/inglaterra/championship/2r/,"Middlesbrough
              
                Barnsley FC",https://www.betano.pt/odds/middlesbrough-barnsley-fc/6411298/,Championship,"Sábado, 3 Outubro 2020 15:00",Middlesbrough,Barnsley FC,2.25,3.2,3.1,1.91,1.6,Mais de2.5,1.3,2.66,Mais de1.5,3.25,1.19,Mais de3.5,1.7,1.78,Ambas Equipas Marcam (Sim/Não),1.32,1.26,1.57,1X,12.0,2X,"Sábado, 3 Outubro 2020 11:18",
1601720715-101,https://www.betano.pt/sport/futebol/portugal/primeira-liga/17083/,"Rio Ave FC
              
                SL Benfica",https://www.betano.pt/odds/rio-ave-fc-sl-benfica/6644924/,Primeira Liga,"Terça-feira, 20 Outubro 2020 20:00",Rio Ave FC,SL Benfica,5.85,4.55,1.45,2.00,1.53,Mais de3.5,1.09,4.3,Mais de1.5,1.38,2.33,Mais de2.5,1.5,2.05,Ambas Equipas Marcam (Sim/Não),2.54,1.12,1.1,1X,12.0,2X,"Sábado, 3 Outubro 2020 11:24",
1601720592-87,https://www.betano.pt/sport/futebol/liga-europa/liga-europa-jogos/182761r/,,,,,,,,,,,,,,,,,,,,,,,,,,,,"Sábado, 3 Outubro 2020 11:23",
1601720461-72,https://www.betano.pt/sport/futebol/inglaterra/championship/2r/,"Reading
              
                Watford",https://www.betano.pt/odds/reading-watford/6411307/,Championship,"Sábado, 3 Outubro 2020 15:00",Reading,Watford,3.4,3.05,2.19,2.05,1.5,Mais de2.5,1.35,2.45,Mais de1.5,3.6,1.15,Mais de3.5,1.8,1.67,Ambas Equipas Marcam (Sim/Não),1.61,1.28,1.27,1X,12.0,2X,"Sábado, 3 Outubro 2020 11:18",
1601721020-138,https://www.betano.pt/sport/futebol/inglaterra/premier-league/1/,"Chelsea
              
                Southampton",https://www.betano.pt/odds/chelsea-southampton/6458240/,Premier League,"Sábado, 17 Outubro 2020 15:00",Chelsea,Southampton,1.5,4.4,5.35,2.10,1.53,Mais de3.5,1.11,4.3,Mais de1.5,1.44,2.3,Mais de2.5,1.53,2.11,Ambas Equipas Marcam (Sim/Não),1.12,1.15,2.4,1X,12.0,2X,"Sábado, 3 Outubro 2020 11:29",
1601720988-134,https://www.betano.pt/sport/futebol/inglaterra/premier-league/1/,"Crystal Palace FC
              
                Brighton",https://www.betano.pt/odds/crystal-palace-fc-brighton/6458239/,Premier League,"Domingo, 18 Outubro 2020 14:00",Crystal Palace FC,Brighton,2.54,3.05,2.78,2.05,1.55,Mais de2.5,1.35,2.56,Mais de1.5,3.6,1.17,Mais de3.5,1.78,1.75,Ambas Equipas Marcam (Sim/Não),1.38,1.3,1.45,1X,12.0,2X,"Sábado, 3 Outubro 2020 11:29",
1601720685-98,https://www.betano.pt/sport/futebol/espanha/laliga/5/,"Atlético de Madrid
              
                Villarreal",https://www.betano.pt/odds/atletico-de-madrid-villarreal/6641034/,LaLiga,"Sábado, 3 Outubro 2020 15:00",Atlético de Madrid,Villarreal,1.61,4.0,5.6,1.80,1.8,Mais de2.5,1.23,3.15,Mais de1.5,2.9,1.27,Mais de3.5,1.8,1.75,Ambas Equipas Marcam (Sim/Não),1.12,1.19,2.2,1X,12.0,2X,"Sábado, 3 Outubro 2020 11:23",
1601720723-102,https://www.betano.pt/sport/futebol/portugal/primeira-liga/17083/,"SC Farense
              
                Famalicão",https://www.betano.pt/odds/sc-farense-famalicao/6644923/,Primeira Liga,"Terça-feira, 20 Outubro 2020 20:00",SC Farense,Famalicão,3.55,3.45,1.95,1.75,1.72,Mais de2.5,1.23,2.98,Mais de1.5,2.86,1.25,Mais de3.5,1.65,1.85,Ambas Equipas Marcam (Sim/Não),1.75,1.22,1.25,1X,12.0,2X,"Sábado, 3 Outubro 2020 11:24",
1601720009-18,https://www.betano.pt/sport/futebol/alemanha/bundesliga/216r/,"FC Schalke 04
              
                1. FC Union Berlin",https://www.betano.pt/odds/fc-schalke-04-1-fc-union-berlin/6632985/,Bundesliga,"Domingo, 18 Outubro 2020 17:00",FC Schalke 04,1. FC Union Berlin,2.35,3.25,2.9,1.88,1.67,Mais de2.5,1.28,2.86,Mais de1.5,3.2,1.22,Mais de3.5,1.67,1.87,Ambas Equipas Marcam (Sim/Não),1.36,1.27,1.53,1X,12.0,2X,"Sábado, 3 Outubro 2020 11:13",
1601720285-49,https://www.betano.pt/sport/futebol/franca/ligue-1/215r/,"FC Metz
              
                FC Lorient",https://www.betano.pt/odds/fc-metz-fc-lorient/6422091/,Ligue 1,"Domingo, 4 Outubro 2020 14:00",FC Metz,FC Lorient,2.2,3.2,3.2,2.13,1.47,Mais de2.5,1.36,2.4,Mais de1.5,3.75,1.13,Mais de3.5,1.87,1.63,Ambas Equipas Marcam (Sim/Não),1.31,1.26,1.57,1X,12.0,2X,"Sábado, 3 Outubro 2020 11:16",
1601720507-77,https://www.betano.pt/sport/futebol/escocia/premiership/1647r/,"Rangers
              
                Ross County",https://www.betano.pt/odds/rangers-ross-county/6403493/,Premiership,"Domingo, 4 Outubro 2020 15:00",Rangers,Ross County,1.1,8.0,21.0,2.10,1.47,Mais de3.5,1.1,4.1,Mais de1.5,1.42,2.25,Mais de2.5,2.45,1.35,Ambas Equipas Marcam (Sim/Não),-,1.05,5.8,1X,12.0,2X,"Sábado, 3 Outubro 2020 11:21",
1601721068-144,https://www.betano.pt/sport/futebol/inglaterra/premier-league/1/,"Wolverhampton
              
                Fulham",https://www.betano.pt/odds/wolverhampton-fulham/6479800/,Premier League,"Domingo, 4 Outubro 2020 14:00",Wolverhampton,Fulham,1.5,3.85,6.55,1.91,1.65,Mais de2.5,1.3,2.8,Mais de1.5,3.3,1.21,Mais de3.5,2.02,1.57,Ambas Equipas Marcam (Sim/Não),1.07,1.19,2.4,1X,12.0,2X,"Sábado, 3 Outubro 2020 11:29",
1601719954-12,https://www.betano.pt/sport/futebol/holanda/eredivisie/17067r/,"Sparta Rotterdam
              
                AZ Alkmaar",https://www.betano.pt/odds/sparta-rotterdam-az-alkmaar/6419534/,Eredivisie,"Domingo, 4 Outubro 2020 13:30",Sparta Rotterdam,AZ Alkmaar,4.45,4.0,1.65,1.50,2.05,Mais de2.5,1.13,3.75,Mais de1.5,2.25,1.42,Mais de3.5,1.53,2.04,Ambas Equipas Marcam (Sim/Não),2.10,1.17,1.17,1X,12.0,2X,"Sábado, 3 Outubro 2020 11:10",
1601720417-66,https://www.betano.pt/sport/futebol/inglaterra/championship/2r/,"Stoke City
              
                Birmingham",https://www.betano.pt/odds/stoke-city-birmingham/6411321/,Championship,"Domingo, 4 Outubro 2020 15:00",Stoke City,Birmingham,2.2,3.1,3.25,2.05,1.5,Mais de2.5,1.35,2.45,Mais de1.5,3.65,1.14,Mais de3.5,1.8,1.67,Ambas Equipas Marcam (Sim/Não),1.30,1.27,1.57,1X,12.0,2X,"Sábado, 3 Outubro 2020 11:18",
1601720763-107,https://www.betano.pt/sport/futebol/portugal/primeira-liga/17083/,"FC Paços Ferreira
              
                CD Santa Clara",https://www.betano.pt/odds/fc-pacos-ferreira-cd-santa-clara/6644915/,Primeira Liga,"Terça-feira, 20 Outubro 2020 20:00",FC Paços Ferreira,CD Santa Clara,2.54,3.3,2.6,2.05,1.5,Mais de2.5,1.32,2.54,Mais de1.5,3.6,1.15,Mais de3.5,1.8,1.67,Ambas Equipas Marcam (Sim/Não),1.44,1.23,1.45,1X,12.0,2X,"Sábado, 3 Outubro 2020 11:24",
1601720025-20,https://www.betano.pt/sport/futebol/alemanha/bundesliga/216r/,"Borussia Mönchengladbach
              
                Wolfsburgo",https://www.betano.pt/odds/borussia-monchengladbach-wolfsburgo/6632983/,Bundesliga,"Sábado, 17 Outubro 2020 19:30",Borussia Mönchengladbach,Wolfsburgo,1.95,3.45,3.6,1.57,2.02,Mais de2.5,1.17,3.6,Mais de1.5,2.4,1.4,Mais de3.5,1.5,2.16,Ambas Equipas Marcam (Sim/Não),1.24,1.23,1.75,1X,12.0,2X,"Sábado, 3 Outubro 2020 11:13",
1601720033-21,https://www.betano.pt/sport/futebol/alemanha/bundesliga/216r/,"Arminia Bielefeld
              
                Bayern Munique",https://www.betano.pt/odds/arminia-bielefeld-bayern-munique/6632982/,Bundesliga,"Sábado, 17 Outubro 2020 17:30",Arminia Bielefeld,Bayern Munique,11.5,6.5,1.19,1.67,1.87,Mais de3.5,1.05,5.6,Mais de1.5,1.26,2.96,Mais de2.5,1.63,1.95,Ambas Equipas Marcam (Sim/Não),4.10,1.1,1.02,1X,12.0,2X,"Sábado, 3 Outubro 2020 11:13",
1601721053-142,https://www.betano.pt/sport/futebol/inglaterra/premier-league/1/,"Aston Villa
              
                Liverpool",https://www.betano.pt/odds/aston-villa-liverpool/6458189/,Premier League,"Domingo, 4 Outubro 2020 19:15",Aston Villa,Liverpool,6.2,4.3,1.45,1.50,2.17,Mais de2.5,1.14,3.95,Mais de1.5,2.2,1.47,Mais de3.5,1.61,1.95,Ambas Equipas Marcam (Sim/Não),2.52,1.16,1.08,1X,12.0,2X,"Sábado, 3 Outubro 2020 11:29",
1601720809-113,https://www.betano.pt/sport/futebol/portugal/primeira-liga/17083/,"CD Tondela
              
                SC Braga",https://www.betano.pt/odds/cd-tondela-sc-braga/6568908/,Primeira Liga,"Sábado, 3 Outubro 2020 21:00",CD Tondela,SC Braga,5.7,4.4,1.57,1.70,1.95,Mais de2.5,1.17,3.4,Mais de1.5,2.58,1.31,Mais de3.5,1.7,1.78,Ambas Equipas Marcam (Sim/Não),2.33,1.15,1.12,1X,12.0,2X,"Sábado, 3 Outubro 2020 11:24",
1601720402-64,https://www.betano.pt/sport/futebol/inglaterra/championship/2r/,"Middlesbrough
              
                Reading",https://www.betano.pt/odds/middlesbrough-reading/6539917/,Championship,"Sábado, 17 Outubro 2020 15:00",Middlesbrough,Reading,2.05,3.3,3.45,1.22,1.6,1X,,,,,,,,,,,,,,,,"Sábado, 3 Outubro 2020 11:18",
1601720269-47,https://www.betano.pt/sport/futebol/franca/ligue-1/215r/,"Bordéus
              
                Dijon",https://www.betano.pt/odds/bordeus-dijon/6422098/,Ligue 1,"Domingo, 4 Outubro 2020 14:00",Bordéus,Dijon,1.67,3.7,4.75,1.83,1.65,Mais de2.5,1.25,2.84,Mais de1.5,3.1,1.21,Mais de3.5,1.8,1.67,Ambas Equipas Marcam (Sim/Não),1.15,1.2,2.05,1X,12.0,2X,"Sábado, 3 Outubro 2020 11:16",
1601720802-112,https://www.betano.pt/sport/futebol/portugal/primeira-liga/17083/,"CD Nacional Madeira
              
                Belenenses SAD",https://www.betano.pt/odds/cd-nacional-madeira-belenenses-sad/6568907/,Primeira Liga,"Domingo, 4 Outubro 2020 15:30",CD Nacional Madeira,Belenenses SAD,2.3,2.98,3.25,2.25,1.42,Mais de2.5,1.4,2.3,Mais de1.5,4.0,1.11,Mais de3.5,1.9,1.61,Ambas Equipas Marcam (Sim/Não),1.30,1.3,1.55,1X,12.0,2X,"Sábado, 3 Outubro 2020 11:24",
1601720049-23,https://www.betano.pt/sport/futebol/alemanha/bundesliga/216r/,"Mainz 05
              
                Bayer Leverkusen",https://www.betano.pt/odds/mainz-05-bayer-leverkusen/6632980/,Bundesliga,"Sábado, 17 Outubro 2020 14:30",Mainz 05,Bayer Leverkusen,5.1,4.2,1.55,1.90,1.65,Mais de3.5,1.09,4.7,Mais de1.5,1.36,2.54,Mais de2.5,1.42,2.37,Ambas Equipas Marcam (Sim/Não),2.30,1.16,1.13,1X,12.0,2X,"Sábado, 3 Outubro 2020 11:13",
1601720515-78,https://www.betano.pt/sport/futebol/escocia/premiership/1647r/,"FC St Johnstone
              
                Celtic",https://www.betano.pt/odds/fc-st-johnstone-celtic/6403494/,Premiership,"Domingo, 4 Outubro 2020 12:00",FC St Johnstone,Celtic,9.75,4.95,1.28,1.57,1.95,Mais de2.5,1.16,3.45,Mais de1.5,2.4,1.36,Mais de3.5,1.9,1.6,Ambas Equipas Marcam (Sim/Não),3.25,1.14,1.03,1X,12.0,2X,"Sábado, 3 Outubro 2020 11:21",
1601720344-56,https://www.betano.pt/sport/futebol/inglaterra/championship/2r/,"Brentford FC
              
                Coventry City",https://www.betano.pt/odds/brentford-fc-coventry-city/6539932/,Championship,"Sábado, 17 Outubro 2020 15:00",Brentford FC,Coventry City,1.6,3.8,5.25,1.09,2.05,1X,,,,,,,,,,,,,,,,"Sábado, 3 Outubro 2020 11:18",
1601721012-137,https://www.betano.pt/sport/futebol/inglaterra/premier-league/1/,"Sheffield United
              
                Fulham",https://www.betano.pt/odds/sheffield-united-fulham/6493472/,Premier League,"Sábado, 17 Outubro 2020 15:00",Sheffield United,Fulham,1.88,3.3,4.1,2.02,1.57,Mais de2.5,1.33,2.65,Mais de1.5,3.5,1.18,Mais de3.5,1.85,1.7,Ambas Equipas Marcam (Sim/Não),1.19,1.26,1.83,1X,12.0,2X,"Sábado, 3 Outubro 2020 11:29",
1601720739-104,https://www.betano.pt/sport/futebol/portugal/primeira-liga/17083/,"SC Braga
              
                CD Nacional Madeira",https://www.betano.pt/odds/sc-braga-cd-nacional-madeira/6644921/,Primeira Liga,"Terça-feira, 20 Outubro 2020 20:00",SC Braga,CD Nacional Madeira,1.35,4.75,7.75,1.55,2.0,Mais de2.5,1.15,3.55,Mais de1.5,2.37,1.38,Mais de3.5,1.8,1.67,Ambas Equipas Marcam (Sim/Não),1.05,1.11,2.94,1X,12.0,2X,"Sábado, 3 Outubro 2020 11:24",
1601720066-25,https://www.betano.pt/sport/futebol/alemanha/bundesliga/216r/,"Friburgo
              
                Werder Bremen",https://www.betano.pt/odds/friburgo-werder-bremen/6632978/,Bundesliga,"Sábado, 17 Outubro 2020 14:30",Friburgo,Werder Bremen,2.13,3.3,3.25,1.75,1.8,Mais de2.5,1.24,3.1,Mais de1.5,2.82,1.28,Mais de3.5,1.6,2.0,Ambas Equipas Marcam (Sim/Não),1.28,1.26,1.63,1X,12.0,2X,"Sábado, 3 Outubro 2020 11:13",
1601719962-13,https://www.betano.pt/sport/futebol/holanda/eredivisie/17067r/,"FC Groningen
              
                Ajax",https://www.betano.pt/odds/fc-groningen-ajax/6418630/,Eredivisie,"Domingo, 4 Outubro 2020 11:15",FC Groningen,Ajax,6.4,4.75,1.4,2.02,1.53,Mais de3.5,1.09,4.3,Mais de1.5,1.38,2.33,Mais de2.5,1.55,2.0,Ambas Equipas Marcam (Sim/Não),2.74,1.11,1.08,1X,12.0,2X,"Sábado, 3 Outubro 2020 11:10",
1601721060-143,https://www.betano.pt/sport/futebol/inglaterra/premier-league/1/,"Manchester United
              
                Tottenham",https://www.betano.pt/odds/manchester-united-tottenham/6458225/,Premier League,"Domingo, 4 Outubro 2020 16:30",Manchester United,Tottenham,1.9,3.45,3.8,1.67,1.88,Mais de2.5,1.2,3.35,Mais de1.5,2.62,1.33,Mais de3.5,1.57,2.02,Ambas Equipas Marcam (Sim/Não),1.22,1.23,1.8,1X,12.0,2X,"Sábado, 3 Outubro 2020 11:29",
1601720569-84,https://www.betano.pt/sport/futebol/russia/premier-liga/17098r/,"Tambov
              
                Arsenal Tula",https://www.betano.pt/odds/tambov-arsenal-tula/6411716/,Premier Liga,"Sábado, 3 Outubro 2020 14:30",Tambov,Arsenal Tula,3.05,3.0,2.4,2.10,1.47,Mais de2.5,1.35,2.37,Mais de1.5,3.65,1.13,Mais de3.5,1.8,1.65,Ambas Equipas Marcam (Sim/Não),1.50,1.28,1.33,1X,12.0,2X,"Sábado, 3 Outubro 2020 11:21",
1601720439-69,https://www.betano.pt/sport/futebol/inglaterra/championship/2r/,"Swansea City
              
                Millwall FC",https://www.betano.pt/odds/swansea-city-millwall-fc/6411322/,Championship,"Sábado, 3 Outubro 2020 15:00",Swansea City,Millwall FC,2.2,3.1,3.3,2.12,1.47,Mais de2.5,1.36,2.4,Mais de1.5,3.75,1.13,Mais de3.5,1.83,1.65,Ambas Equipas Marcam (Sim/Não),1.28,1.27,1.6,1X,12.0,2X,"Sábado, 3 Outubro 2020 11:18",
1601720469-73,https://www.betano.pt/sport/futebol/inglaterra/championship/2r/,"Nottingham Forest
              
                Bristol City",https://www.betano.pt/odds/nottingham-forest-bristol-city/6411304/,Championship,"Sábado, 3 Outubro 2020 15:00",Nottingham Forest,Bristol City,2.56,3.1,2.72,2.04,1.53,Mais de2.5,1.33,2.52,Mais de1.5,3.55,1.15,Mais de3.5,1.75,1.72,Ambas Equipas Marcam (Sim/Não),1.40,1.27,1.45,1X,12.0,2X,"Sábado, 3 Outubro 2020 11:18",
1601720133-31,https://www.betano.pt/sport/futebol/alemanha/bundesliga/216r/,"Werder Bremen
              
                Arminia Bielefeld",https://www.betano.pt/odds/werder-bremen-arminia-bielefeld/6562365/,Bundesliga,"Sábado, 3 Outubro 2020 14:30",Werder Bremen,Arminia Bielefeld,2.05,3.45,3.3,1.65,1.9,Mais de2.5,1.2,3.35,Mais de1.5,2.62,1.33,Mais de3.5,1.55,2.05,Ambas Equipas Marcam (Sim/Não),1.28,1.24,1.67,1X,12.0,2X,"Sábado, 3 Outubro 2020 11:13",
1601720755-106,https://www.betano.pt/sport/futebol/portugal/primeira-liga/17083/,"Belenenses SAD
              
                Moreirense FC",https://www.betano.pt/odds/belenenses-sad-moreirense-fc/6644918/,Primeira Liga,"Terça-feira, 20 Outubro 2020 20:00",Belenenses SAD,Moreirense FC,2.35,3.2,2.92,2.05,1.5,Mais de2.5,1.33,2.5,Mais de1.5,3.65,1.14,Mais de3.5,1.83,1.65,Ambas Equipas Marcam (Sim/Não),1.36,1.25,1.53,1X,12.0,2X,"Sábado, 3 Outubro 2020 11:24",
1601721105-149,https://www.betano.pt/sport/futebol/inglaterra/premier-league/1/,"Leeds United
              
                Manchester City",https://www.betano.pt/odds/leeds-united-manchester-city/6493287/,Premier League,"Sábado, 3 Outubro 2020 17:30",Leeds United,Manchester City,6.55,5.75,1.38,1.88,1.72,Mais de3.5,1.06,5.3,Mais de1.5,1.31,2.72,Mais de2.5,1.5,2.16,Ambas Equipas Marcam (Sim/Não),2.86,1.09,1.09,1X,12.0,2X,"Sábado, 3 Outubro 2020 11:29",
1601719921-8,https://www.betano.pt/sport/futebol/holanda/eredivisie/17067r/,"Willem II Tilburg
              
                FC Twente Enschede",https://www.betano.pt/odds/willem-ii-tilburg-fc-twente-enschede/6542328/,Eredivisie,"Sábado, 17 Outubro 2020 19:00",Willem II Tilburg,FC Twente Enschede,1.91,3.6,3.6,1.21,1.7,1X,,,,,,,,,,,,,,,,"Sábado, 3 Outubro 2020 11:10",
1601720244-44,https://www.betano.pt/sport/futebol/franca/ligue-1/215r/,"Estrasburgo
              
                Lyon",https://www.betano.pt/odds/estrasburgo-lyon/6551748/,Ligue 1,"Domingo, 18 Outubro 2020 19:00",Estrasburgo,Lyon,2.8,3.05,2.52,1.90,1.6,Mais de2.5,1.28,2.68,Mais de1.5,3.15,1.2,Mais de3.5,1.67,1.8,Ambas Equipas Marcam (Sim/Não),1.47,1.28,1.38,1X,12.0,2X,"Sábado, 3 Outubro 2020 11:16",
1601720099-29,https://www.betano.pt/sport/futebol/alemanha/bundesliga/216r/,"RB Leipzig
              
                FC Schalke 04",https://www.betano.pt/odds/rb-leipzig-fc-schalke-04/6562367/,Bundesliga,"Sábado, 3 Outubro 2020 17:30",RB Leipzig,FC Schalke 04,1.27,5.9,11.0,1.95,1.67,Mais de3.5,1.09,4.7,Mais de1.5,1.36,2.52,Mais de2.5,1.67,1.87,Ambas Equipas Marcam (Sim/Não),1.03,1.12,3.55,1X,12.0,2X,"Sábado, 3 Outubro 2020 11:13",
1601719985-16,https://www.betano.pt/sport/futebol/holanda/eredivisie/17067r/,"RKC Waalwijk
              
                PEC Zwolle",https://www.betano.pt/odds/rkc-waalwijk-pec-zwolle/6451994/,Eredivisie,"Sábado, 3 Outubro 2020 17:45",RKC Waalwijk,PEC Zwolle,3.45,3.75,1.91,1.53,2.02,Mais de2.5,1.14,3.65,Mais de1.5,2.35,1.38,Mais de3.5,1.47,2.1,Ambas Equipas Marcam (Sim/Não),1.78,1.19,1.27,1X,12.0,2X,"Sábado, 3 Outubro 2020 11:10",
1601720647-93,https://www.betano.pt/sport/futebol/espanha/laliga/5/,"Alavés
              
                Athletic Bilbao",https://www.betano.pt/odds/alaves-athletic-bilbao/6641039/,LaLiga,"Domingo, 4 Outubro 2020 13:00",Alavés,Athletic Bilbao,3.3,2.84,2.35,1.53,2.1,Mais de1.5,2.6,1.35,Mais de2.5,4.9,1.08,Mais de3.5,2.12,1.53,Ambas Equipas Marcam (Sim/Não),1.53,1.33,1.28,1X,12.0,2X,"Sábado, 3 Outubro 2020 11:23",
1601720236-43,https://www.betano.pt/sport/futebol/franca/ligue-1/215r/,"Nimes
              
                PSG",https://www.betano.pt/odds/nimes-psg/6551750/,Ligue 1,"Domingo, 18 Outubro 2020 19:00",Nimes,PSG,11.75,6.5,1.19,1.75,1.72,Mais de3.5,1.06,4.9,Mais de1.5,1.28,2.67,Mais de2.5,1.7,1.78,Ambas Equipas Marcam (Sim/Não),4.20,1.08,1.02,1X,12.0,2X,"Sábado, 3 Outubro 2020 11:16",
1601720656-94,https://www.betano.pt/sport/futebol/espanha/laliga/5/,"CA Osasuna
              
                Celta de Vigo",https://www.betano.pt/odds/ca-osasuna-celta-de-vigo/6641038/,LaLiga,"Domingo, 4 Outubro 2020 11:00",CA Osasuna,Celta de Vigo,2.63,2.96,2.76,2.12,1.53,Mais de2.5,1.36,2.52,Mais de1.5,3.75,1.16,Mais de3.5,1.8,1.75,Ambas Equipas Marcam (Sim/Não),1.38,1.32,1.42,1X,12.0,2X,"Sábado, 3 Outubro 2020 11:23",
1601720228-42,https://www.betano.pt/sport/futebol/franca/ligue-1/215r/,"Saint-Étienne
              
                Nice",https://www.betano.pt/odds/saint-etienne-nice/6551752/,Ligue 1,"Domingo, 18 Outubro 2020 19:00",Saint-Étienne,Nice,2.05,3.3,3.45,1.83,1.65,Mais de2.5,1.26,2.8,Mais de1.5,3.05,1.22,Mais de3.5,1.65,1.83,Ambas Equipas Marcam (Sim/Não),1.27,1.24,1.67,1X,12.0,2X,"Sábado, 3 Outubro 2020 11:16",
1601720188-37,https://www.betano.pt/sport/futebol/franca/ligue-1/215r/,"Mónaco
              
                Montpellier",https://www.betano.pt/odds/monaco-montpellier/6551758/,Ligue 1,"Domingo, 18 Outubro 2020 19:00",Mónaco,Montpellier,1.87,3.5,3.85,1.75,1.72,Mais de2.5,1.23,2.98,Mais de1.5,2.86,1.25,Mais de3.5,1.65,1.83,Ambas Equipas Marcam (Sim/Não),1.22,1.22,1.83,1X,12.0,2X,"Sábado, 3 Outubro 2020 11:16",
1601720731-103,https://www.betano.pt/sport/futebol/portugal/primeira-liga/17083/,"CS Marítimo
              
                Portimonense",https://www.betano.pt/odds/cs-maritimo-portimonense/6644922/,Primeira Liga,"Terça-feira, 20 Outubro 2020 20:00",CS Marítimo,Portimonense,2.3,3.15,3.05,2.05,1.5,Mais de2.5,1.35,2.45,Mais de1.5,3.65,1.14,Mais de3.5,1.8,1.67,Ambas Equipas Marcam (Sim/Não),1.33,1.27,1.55,1X,12.0,2X,"Sábado, 3 Outubro 2020 11:24",
1601719884-3,https://www.betano.pt/sport/futebol/holanda/eredivisie/17067r/,"FC Emmen
              
                Fortuna Sittard",https://www.betano.pt/odds/fc-emmen-fortuna-sittard/6548892/,Eredivisie,"Domingo, 18 Outubro 2020 13:30",FC Emmen,Fortuna Sittard,2.05,3.5,3.25,1.25,1.6,1X,,,,,,,,,,,,,,,,"Sábado, 3 Outubro 2020 11:10",
1601720140-32,https://www.betano.pt/sport/futebol/alemanha/bundesliga/216r/,"Colónia
              
                Borussia Mönchengladbach",https://www.betano.pt/odds/colonia-borussia-monchengladbach/6562364/,Bundesliga,"Sábado, 3 Outubro 2020 14:30",Colónia,Borussia Mönchengladbach,3.65,3.7,1.87,1.55,2.05,Mais de2.5,1.16,3.75,Mais de1.5,2.4,1.4,Mais de3.5,1.5,2.15,Ambas Equipas Marcam (Sim/Não),1.85,1.2,1.24,1X,12.0,2X,"Sábado, 3 Outubro 2020 11:13",
1601720855-118,https://www.betano.pt/sport/futebol/italia/serie-a/1635/,"Udinese
              
                Parma",https://www.betano.pt/odds/udinese-parma/6650717/,Série A,"Domingo, 18 Outubro 2020 17:00",Udinese,Parma,2.16,3.35,3.15,1.75,1.78,Mais de2.5,1.24,3.1,Mais de1.5,2.9,1.27,Mais de3.5,1.63,1.95,Ambas Equipas Marcam (Sim/Não),1.31,1.25,1.63,1X,12.0,2X,"Sábado, 3 Outubro 2020 11:27",
1601720075-26,https://www.betano.pt/sport/futebol/alemanha/bundesliga/216r/,"Hoffenheim
              
                Borussia Dortmund",https://www.betano.pt/odds/hoffenheim-borussia-dortmund/6632977/,Bundesliga,"Sábado, 17 Outubro 2020 14:30",Hoffenheim,Borussia Dortmund,4.0,3.85,1.75,1.90,1.65,Mais de3.5,1.09,4.7,Mais de1.5,1.36,2.54,Mais de2.5,1.36,2.54,Ambas Equipas Marcam (Sim/Não),1.95,1.19,1.2,1X,12.0,2X,"Sábado, 3 Outubro 2020 11:13",
1601720431-68,https://www.betano.pt/sport/futebol/inglaterra/championship/2r/,"Blackburn Rovers
              
                Cardiff",https://www.betano.pt/odds/blackburn-rovers-cardiff/6411324/,Championship,"Sábado, 3 Outubro 2020 15:00",Blackburn Rovers,Cardiff,2.05,3.25,3.5,1.83,1.65,Mais de2.5,1.26,2.8,Mais de1.5,3.0,1.22,Mais de3.5,1.65,1.83,Ambas Equipas Marcam (Sim/Não),1.26,1.25,1.67,1X,12.0,2X,"Sábado, 3 Outubro 2020 11:18",
1601719907-6,https://www.betano.pt/sport/futebol/holanda/eredivisie/17067r/,"AZ Alkmaar
              
                VVV Venlo",https://www.betano.pt/odds/az-alkmaar-vvv-venlo/6542812/,Eredivisie,"Sábado, 17 Outubro 2020 20:00",AZ Alkmaar,VVV Venlo,1.22,6.3,10.0,-,2.92,1X,,,,,,,,,,,,,,,,"Sábado, 3 Outubro 2020 11:10",
1601720484-75,https://www.betano.pt/sport/futebol/inglaterra/championship/2r/,"Luton Town
              
                Wycombe",https://www.betano.pt/odds/luton-town-wycombe/6411295/,Championship,"Sábado, 3 Outubro 2020 15:00",Luton Town,Wycombe,1.78,3.4,4.45,1.83,1.65,Mais de2.5,1.27,2.78,Mais de1.5,3.05,1.22,Mais de3.5,1.72,1.75,Ambas Equipas Marcam (Sim/Não),1.17,1.23,1.91,1X,12.0,2X,"Sábado, 3 Outubro 2020 11:18",
1601720041-22,https://www.betano.pt/sport/futebol/alemanha/bundesliga/216r/,"Augsburgo
              
                RB Leipzig",https://www.betano.pt/odds/augsburgo-rb-leipzig/6632981/,Bundesliga,"Sábado, 17 Outubro 2020 14:30",Augsburgo,RB Leipzig,4.95,4.3,1.55,2.04,1.57,Mais de3.5,1.1,4.45,Mais de1.5,1.4,2.4,Mais de2.5,1.47,2.2,Ambas Equipas Marcam (Sim/Não),2.30,1.15,1.14,1X,12.0,2X,"Sábado, 3 Outubro 2020 11:13",
1601720831-116,https://www.betano.pt/sport/futebol/eua/mls/195161/,,,,,,,,,,,,,,,,,,,,,,,,,,,,"Sábado, 3 Outubro 2020 11:27",
1601720670-96,https://www.betano.pt/sport/futebol/espanha/laliga/5/,"Elche CF
              
                Huesca",https://www.betano.pt/odds/elche-cf-huesca/6641036/,LaLiga,"Sábado, 3 Outubro 2020 17:30",Elche CF,Huesca,3.45,3.05,2.17,2.20,1.47,Mais de2.5,1.4,2.4,Mais de1.5,4.0,1.14,Mais de3.5,1.91,1.65,Ambas Equipas Marcam (Sim/Não),1.61,1.3,1.26,1X,12.0,2X,"Sábado, 3 Outubro 2020 11:23",
1601720871-120,https://www.betano.pt/sport/futebol/italia/serie-a/1635/,"Bolonha
              
                Sassuolo",https://www.betano.pt/odds/bolonha-sassuolo/6650715/,Série A,"Domingo, 18 Outubro 2020 11:30",Bolonha,Sassuolo,2.84,3.3,2.35,1.50,2.13,Mais de2.5,1.15,3.85,Mais de1.5,2.25,1.45,Mais de3.5,1.42,2.37,Ambas Equipas Marcam (Sim/Não),1.53,1.25,1.36,1X,12.0,2X,"Sábado, 3 Outubro 2020 11:27",
1601720816-114,https://www.betano.pt/sport/futebol/portugal/primeira-liga/17083/,"FC Porto
              
                CS Marítimo",https://www.betano.pt/odds/fc-porto-cs-maritimo/6568906/,Primeira Liga,"Sábado, 3 Outubro 2020 18:30",FC Porto,CS Marítimo,1.18,6.65,19.0,1.57,2.16,Mais de2.5,1.14,3.65,Mais de1.5,2.3,1.4,Mais de3.5,2.3,1.4,Ambas Equipas Marcam (Sim/Não),-,1.08,4.5,1X,12.0,2X,"Sábado, 3 Outubro 2020 11:24",
1601720017-19,https://www.betano.pt/sport/futebol/alemanha/bundesliga/216r/,"Colónia
              
                Eintracht Frankfurt",https://www.betano.pt/odds/colonia-eintracht-frankfurt/6632984/,Bundesliga,"Domingo, 18 Outubro 2020 14:30",Colónia,Eintracht Frankfurt,2.52,3.4,2.58,2.05,1.55,Mais de3.5,1.12,4.2,Mais de1.5,1.44,2.3,Mais de2.5,1.36,2.54,Ambas Equipas Marcam (Sim/Não),1.45,1.24,1.47,1X,12.0,2X,"Sábado, 3 Outubro 2020 11:13",
1601721005-136,https://www.betano.pt/sport/futebol/inglaterra/premier-league/1/,"West Brom
              
                Burnley",https://www.betano.pt/odds/west-brom-burnley/6493474/,Premier League,"Sábado, 17 Outubro 2020 15:00",West Brom,Burnley,2.4,3.1,2.92,2.02,1.57,Mais de2.5,1.33,2.65,Mais de1.5,3.45,1.19,Mais de3.5,1.75,1.8,Ambas Equipas Marcam (Sim/Não),1.35,1.28,1.5,1X,12.0,2X,"Sábado, 3 Outubro 2020 11:29",
1601720329-54,https://www.betano.pt/sport/futebol/inglaterra/championship/2r/,"Preston
              
                Cardiff",https://www.betano.pt/odds/preston-cardiff/6539920/,Championship,"Domingo, 18 Outubro 2020 12:00",Preston,Cardiff,2.3,3.25,2.96,1.30,1.47,1X,,,,,,,,,,,,,,,,"Sábado, 3 Outubro 2020 11:18",
1601720895-123,https://www.betano.pt/sport/futebol/italia/serie-a/1635/,"Inter de Milão
              
                AC Milão",https://www.betano.pt/odds/inter-de-milao-ac-milao/6650712/,Série A,"Sábado, 17 Outubro 2020 17:00",Inter de Milão,AC Milão,1.95,3.6,3.45,1.63,1.95,Mais de2.5,1.18,3.55,Mais de1.5,2.52,1.36,Mais de3.5,1.53,2.1,Ambas Equipas Marcam (Sim/Não),1.27,1.22,1.75,1X,12.0,2X,"Sábado, 3 Outubro 2020 11:27",
1601720824-115,https://www.betano.pt/sport/futebol/portugal/primeira-liga/17083/,"CD Santa Clara
              
                Gil Vicente FC",https://www.betano.pt/odds/cd-santa-clara-gil-vicente-fc/6568905/,Primeira Liga,"Sábado, 3 Outubro 2020 16:00",CD Santa Clara,Gil Vicente FC,2.3,3.1,3.5,2.33,1.5,Mais de2.5,1.4,2.3,Mais de1.5,3.9,1.12,Mais de3.5,1.88,1.61,Ambas Equipas Marcam (Sim/Não),1.27,1.3,1.57,1X,12.0,2X,"Sábado, 3 Outubro 2020 11:24",
1601720927-127,https://www.betano.pt/sport/futebol/italia/serie-a/1635/,"Parma
              
                Hellas Verona",https://www.betano.pt/odds/parma-hellas-verona/6595032/,Série A,"Domingo, 4 Outubro 2020 14:00",Parma,Hellas Verona,2.63,3.05,2.68,1.95,1.63,Mais de2.5,1.3,2.76,Mais de1.5,3.25,1.22,Mais de3.5,1.67,1.87,Ambas Equipas Marcam (Sim/Não),1.42,1.28,1.42,1X,12.0,2X,"Sábado, 3 Outubro 2020 11:27",
1601720639-92,https://www.betano.pt/sport/futebol/espanha/laliga/5/,"Levante
              
                Real Madrid",https://www.betano.pt/odds/levante-real-madrid/6641041/,LaLiga,"Domingo, 4 Outubro 2020 15:00",Levante,Real Madrid,5.75,4.3,1.47,2.10,1.53,Mais de3.5,1.12,4.2,Mais de1.5,1.44,2.3,Mais de2.5,1.53,2.11,Ambas Equipas Marcam (Sim/Não),2.45,1.15,1.1,1X,12.0,2X,"Sábado, 3 Outubro 2020 11:23",
1601719978-15,https://www.betano.pt/sport/futebol/holanda/eredivisie/17067r/,"VVV Venlo
              
                Den Haag",https://www.betano.pt/odds/vvv-venlo-den-haag/6413122/,Eredivisie,"Sábado, 3 Outubro 2020 19:00",VVV Venlo,Den Haag,1.9,3.55,3.7,1.61,1.9,Mais de2.5,1.18,3.3,Mais de1.5,2.5,1.33,Mais de3.5,1.53,2.02,Ambas Equipas Marcam (Sim/Não),1.23,1.21,1.8,1X,12.0,2X,"Sábado, 3 Outubro 2020 11:10",
1601720958-131,https://www.betano.pt/sport/futebol/italia/serie-a/1635/,"Udinese
              
                AS Roma",https://www.betano.pt/odds/udinese-as-roma/6595028/,Série A,"Sábado, 3 Outubro 2020 19:45",Udinese,AS Roma,4.05,3.6,1.8,1.63,1.95,Mais de2.5,1.19,3.45,Mais de1.5,2.52,1.36,Mais de3.5,1.55,2.05,Ambas Equipas Marcam (Sim/Não),1.90,1.22,1.2,1X,12.0,2X,"Sábado, 3 Outubro 2020 11:27",
1601720292-50,https://www.betano.pt/sport/futebol/franca/ligue-1/215r/,"Stade Brestois 29
              
                Mónaco",https://www.betano.pt/odds/stade-brestois-29-monaco/6422090/,Ligue 1,"Domingo, 4 Outubro 2020 14:00",Stade Brestois 29,Mónaco,2.84,3.6,2.2,1.55,2.0,Mais de2.5,1.15,3.55,Mais de1.5,2.4,1.36,Mais de3.5,1.47,2.14,Ambas Equipas Marcam (Sim/Não),1.57,1.2,1.38,1X,12.0,2X,"Sábado, 3 Outubro 2020 11:16",
1601720277-48,https://www.betano.pt/sport/futebol/franca/ligue-1/215r/,"Estrasburgo
              
                Lille",https://www.betano.pt/odds/estrasburgo-lille/6422095/,Ligue 1,"Domingo, 4 Outubro 2020 14:00",Estrasburgo,Lille,3.05,3.15,2.3,2.02,1.53,Mais de2.5,1.32,2.54,Mais de1.5,3.5,1.16,Mais de3.5,1.78,1.7,Ambas Equipas Marcam (Sim/Não),1.55,1.26,1.33,1X,12.0,2X,"Sábado, 3 Outubro 2020 11:16",
1601720692-99,https://www.betano.pt/sport/futebol/espanha/laliga/5/,"Real Valladolid
              
                Eibar",https://www.betano.pt/odds/real-valladolid-eibar/6641033/,LaLiga,"Sábado, 3 Outubro 2020 12:00",Real Valladolid,Eibar,2.1,2.94,3.85,1.50,2.14,Mais de1.5,2.54,1.36,Mais de2.5,4.8,1.09,Mais de3.5,2.14,1.5,Ambas Equipas Marcam (Sim/Não),1.22,1.32,1.67,1X,12.0,2X,"Sábado, 3 Outubro 2020 11:23",
1601720538-80,https://www.betano.pt/sport/futebol/russia/premier-liga/17098r/,"PFC Sochi
              
                Rostov",https://www.betano.pt/odds/pfc-sochi-rostov/6419926/,Premier Liga,"Domingo, 4 Outubro 2020 14:30",PFC Sochi,Rostov,2.6,3.05,2.72,2.10,1.47,Mais de2.5,1.35,2.4,Mais de1.5,3.65,1.13,Mais de3.5,1.8,1.65,Ambas Equipas Marcam (Sim/Não),1.40,1.27,1.44,1X,12.0,2X,"Sábado, 3 Outubro 2020 11:21",
1601720911-125,https://www.betano.pt/sport/futebol/italia/serie-a/1635/,"Juventus
              
                Nápoles",https://www.betano.pt/odds/juventus-napoles/6595034/,Série A,"Domingo, 4 Outubro 2020 19:45",Juventus,Nápoles,1.91,3.55,3.65,1.75,1.78,Mais de2.5,1.23,3.15,Mais de1.5,2.9,1.27,Mais de3.5,1.65,1.9,Ambas Equipas Marcam (Sim/Não),1.24,1.23,1.8,1X,12.0,2X,"Sábado, 3 Outubro 2020 11:27",
1601721076-145,https://www.betano.pt/sport/futebol/inglaterra/premier-league/1/,"Arsenal
              
                Sheffield United",https://www.betano.pt/odds/arsenal-sheffield-united/6458224/,Premier League,"Domingo, 4 Outubro 2020 14:00",Arsenal,Sheffield United,1.53,3.95,5.75,1.80,1.75,Mais de2.5,1.24,3.1,Mais de1.5,2.96,1.26,Mais de3.5,1.85,1.7,Ambas Equipas Marcam (Sim/Não),1.10,1.18,2.35,1X,12.0,2X,"Sábado, 3 Outubro 2020 11:29",
1601720793-111,https://www.betano.pt/sport/futebol/portugal/primeira-liga/17083/,"Famalicão
              
                Rio Ave FC",https://www.betano.pt/odds/famalicao-rio-ave-fc/6568909/,Primeira Liga,"Domingo, 4 Outubro 2020 18:30",Famalicão,Rio Ave FC,2.52,3.3,2.64,1.91,1.6,Mais de2.5,1.27,2.74,Mais de1.5,3.25,1.19,Mais de3.5,1.7,1.78,Ambas Equipas Marcam (Sim/Não),1.42,1.24,1.47,1X,12.0,2X,"Sábado, 3 Outubro 2020 11:24",
1601720622-90,https://www.betano.pt/sport/futebol/espanha/laliga/5/,"Barcelona
              
                Sevilha",https://www.betano.pt/odds/barcelona-sevilha/6641040/,LaLiga,"Domingo, 4 Outubro 2020 20:00",Barcelona,Sevilha,1.57,4.0,5.15,1.50,2.19,Mais de2.5,1.14,3.95,Mais de1.5,2.2,1.47,Mais de3.5,1.53,2.11,Ambas Equipas Marcam (Sim/Não),1.13,1.17,2.25,1X,12.0,2X,"Sábado, 3 Outubro 2020 11:23",
1601719914-7,https://www.betano.pt/sport/futebol/holanda/eredivisie/17067r/,"Heracles Almelo
              
                RKC Waalwijk",https://www.betano.pt/odds/heracles-almelo-rkc-waalwijk/6542330/,Eredivisie,"Sábado, 17 Outubro 2020 19:00",Heracles Almelo,RKC Waalwijk,1.42,4.4,6.55,1.05,2.45,1X,,,,,,,,,,,,,,,,"Sábado, 3 Outubro 2020 11:10",
1601720092-28,https://www.betano.pt/sport/futebol/alemanha/bundesliga/216r/,"Wolfsburgo
              
                Augsburgo",https://www.betano.pt/odds/wolfsburgo-augsburgo/6562369/,Bundesliga,"Domingo, 4 Outubro 2020 14:30",Wolfsburgo,Augsburgo,1.95,3.5,3.55,1.67,1.87,Mais de2.5,1.21,3.3,Mais de1.5,2.68,1.32,Mais de3.5,1.6,2.0,Ambas Equipas Marcam (Sim/Não),1.25,1.23,1.75,1X,12.0,2X,"Sábado, 3 Outubro 2020 11:13",
1601719937-10,https://www.betano.pt/sport/futebol/holanda/eredivisie/17067r/,"PSV Eindhoven
              
                Fortuna Sittard",https://www.betano.pt/odds/psv-eindhoven-fortuna-sittard/6420453/,Eredivisie,"Domingo, 4 Outubro 2020 15:45",PSV Eindhoven,Fortuna Sittard,1.18,6.55,12.0,1.80,1.67,Mais de3.5,1.06,4.75,Mais de1.5,1.31,2.58,Mais de2.5,1.75,1.72,Ambas Equipas Marcam (Sim/Não),1.02,1.08,4.25,1X,12.0,2X,"Sábado, 3 Outubro 2020 11:10",
1601720615-89,https://www.betano.pt/sport/futebol/espanha/laliga/5/,"Barcelona
              
                Real Madrid",https://www.betano.pt/odds/barcelona-real-madrid/6385298/,LaLiga,"Domingo, 25 Outubro 2020 20:00",Barcelona,Real Madrid,2.25,3.65,2.76,2.16,1.5,Mais de3.5,1.12,4.15,Mais de1.5,1.45,2.25,Mais de2.5,1.4,2.4,Ambas Equipas Marcam (Sim/Não),1.38,1.21,1.57,1X,12.0,2X,"Sábado, 3 Outubro 2020 11:23",
1601720584-86,https://www.betano.pt/sport/futebol/russia/premier-liga/17098r/,"FC Ufa
              
                Rotor Volgograd",https://www.betano.pt/odds/fc-ufa-rotor-volgograd/6411714/,Premier Liga,"Sábado, 3 Outubro 2020 12:00",FC Ufa,Rotor Volgograd,1.75,3.2,5.05,1.47,2.1,Mais de1.5,2.45,1.33,Mais de2.5,4.45,1.07,Mais de3.5,2.25,1.4,Ambas Equipas Marcam (Sim/Não),1.13,1.26,1.95,1X,12.0,2X,"Sábado, 3 Outubro 2020 11:21",
1601719970-14,https://www.betano.pt/sport/futebol/holanda/eredivisie/17067r/,"FC Twente Enschede
              
                FC Emmen",https://www.betano.pt/odds/fc-twente-enschede-fc-emmen/6413466/,Eredivisie,"Sábado, 3 Outubro 2020 20:00",FC Twente Enschede,FC Emmen,1.78,3.75,3.95,1.57,1.95,Mais de2.5,1.16,3.5,Mais de1.5,2.4,1.36,Mais de3.5,1.53,2.04,Ambas Equipas Marcam (Sim/Não),1.21,1.19,1.91,1X,12.0,2X,"Sábado, 3 Outubro 2020 11:10",
1601721083-146,https://www.betano.pt/sport/futebol/inglaterra/premier-league/1/,"Southampton
              
                West Brom",https://www.betano.pt/odds/southampton-west-brom/6479799/,Premier League,"Domingo, 4 Outubro 2020 12:00",Southampton,West Brom,1.75,3.65,4.3,1.67,1.88,Mais de2.5,1.2,3.35,Mais de1.5,2.64,1.33,Mais de3.5,1.63,1.95,Ambas Equipas Marcam (Sim/Não),1.18,1.21,1.95,1X,12.0,2X,"Sábado, 3 Outubro 2020 11:29",
1601720387-62,https://www.betano.pt/sport/futebol/inglaterra/championship/2r/,"Swansea City
              
                Huddersfield",https://www.betano.pt/odds/swansea-city-huddersfield/6539925/,Championship,"Sábado, 17 Outubro 2020 15:00",Swansea City,Huddersfield,2.11,3.25,3.35,1.23,1.57,1X,,,,,,,,,,,,,,,,"Sábado, 3 Outubro 2020 11:18",
1601720530-79,https://www.betano.pt/sport/futebol/russia/premier-liga/17098r/,"Dinamo Moscovo
              
                Krasnodar",https://www.betano.pt/odds/dinamo-moscovo-krasnodar/6421585/,Premier Liga,"Domingo, 4 Outubro 2020 18:00",Dinamo Moscovo,Krasnodar,2.8,3.1,2.5,1.91,1.57,Mais de2.5,1.28,2.6,Mais de1.5,3.2,1.18,Mais de3.5,1.67,1.78,Ambas Equipas Marcam (Sim/Não),1.47,1.27,1.38,1X,12.0,2X,"Sábado, 3 Outubro 2020 11:21",
1601719869-1,https://www.betano.pt/sport/futebol/holanda/eredivisie/17067r/,"FC Groningen
              
                FC Utrecht",https://www.betano.pt/odds/fc-groningen-fc-utrecht/6549970/,Eredivisie,"Domingo, 18 Outubro 2020 15:45",FC Groningen,FC Utrecht,3.05,3.35,2.2,1.50,1.28,1X,,,,,,,,,,,,,,,,"Sábado, 3 Outubro 2020 11:10",
1601720935-128,https://www.betano.pt/sport/futebol/italia/serie-a/1635/,"Lázio
              
                Inter de Milão",https://www.betano.pt/odds/lazio-inter-de-milao/6595031/,Série A,"Domingo, 4 Outubro 2020 14:00",Lázio,Inter de Milão,2.98,3.7,2.11,2.14,1.5,Mais de3.5,1.12,4.2,Mais de1.5,1.45,2.25,Mais de2.5,1.4,2.4,Ambas Equipas Marcam (Sim/Não),1.65,1.2,1.35,1X,12.0,2X,"Sábado, 3 Outubro 2020 11:27",
1601719994-17,https://www.betano.pt/sport/futebol/holanda/eredivisie/17067r/,"Vitesse
              
                Heracles Almelo",https://www.betano.pt/odds/vitesse-heracles-almelo/6411664/,Eredivisie,"Sábado, 3 Outubro 2020 15:30",Vitesse,Heracles Almelo,1.61,4.0,4.75,1.50,2.05,Mais de2.5,1.14,3.7,Mais de1.5,2.25,1.42,Mais de3.5,1.53,2.02,Ambas Equipas Marcam (Sim/Não),1.15,1.16,2.17,1X,12.0,2X,"Sábado, 3 Outubro 2020 11:10",
1601720663-95,https://www.betano.pt/sport/futebol/espanha/laliga/5/,"Valência
              
                Bétis",https://www.betano.pt/odds/valencia-betis/6641037/,LaLiga,"Sábado, 3 Outubro 2020 20:00",Valência,Bétis,3.05,3.3,2.25,1.75,1.8,Mais de2.5,1.23,3.15,Mais de1.5,2.82,1.28,Mais de3.5,1.6,2.0,Ambas Equipas Marcam (Sim/Não),1.57,1.25,1.33,1X,12.0,2X,"Sábado, 3 Outubro 2020 11:23",
1601720903-124,https://www.betano.pt/sport/futebol/italia/serie-a/1635/,"Nápoles
              
                Atalanta",https://www.betano.pt/odds/napoles-atalanta/6650711/,Série A,"Sábado, 17 Outubro 2020 14:00",Nápoles,Atalanta,2.45,3.45,2.62,2.05,1.55,Mais de3.5,1.12,4.2,Mais de1.5,1.44,2.3,Mais de2.5,1.36,2.54,Ambas Equipas Marcam (Sim/Não),1.44,1.24,1.47,1X,12.0,2X,"Sábado, 3 Outubro 2020 11:27",
1601720631-91,https://www.betano.pt/sport/futebol/espanha/laliga/5/,"Cádiz CF
              
                Granada CF",https://www.betano.pt/odds/cadiz-cf-granada-cf/6641042/,LaLiga,"Domingo, 4 Outubro 2020 17:30",Cádiz CF,Granada CF,2.94,2.8,2.62,1.53,2.1,Mais de1.5,2.62,1.33,Mais de2.5,4.9,1.08,Mais de3.5,2.1,1.53,Ambas Equipas Marcam (Sim/Não),1.44,1.35,1.35,1X,12.0,2X,"Sábado, 3 Outubro 2020 11:23",
1601720576-85,https://www.betano.pt/sport/futebol/russia/premier-liga/17098r/,"Ural Sverdlovskaya Oblast
              
                CSKA Moscovo",https://www.betano.pt/odds/ural-sverdlovskaya-oblast-cska-moscovo/6411715/,Premier Liga,"Sábado, 3 Outubro 2020 14:30",Ural Sverdlovskaya Oblast,CSKA Moscovo,4.8,3.45,1.72,1.83,1.63,Mais de2.5,1.26,2.74,Mais de1.5,3.0,1.21,Mais de3.5,1.75,1.7,Ambas Equipas Marcam (Sim/Não),2.00,1.22,1.15,1X,12.0,2X,"Sábado, 3 Outubro 2020 11:21",
1601720373-60,https://www.betano.pt/sport/futebol/inglaterra/championship/2r/,"Barnsley FC
              
                Bristol City",https://www.betano.pt/odds/barnsley-fc-bristol-city/6539927/,Championship,"Sábado, 17 Outubro 2020 15:00",Barnsley FC,Bristol City,2.4,3.25,2.82,1.33,1.44,1X,,,,,,,,,,,,,,,,"Sábado, 3 Outubro 2020 11:18",
1601719899-5,https://www.betano.pt/sport/futebol/holanda/eredivisie/17067r/,"Feyenoord
              
                Sparta Rotterdam",https://www.betano.pt/odds/feyenoord-sparta-rotterdam/6547881/,Eredivisie,"Domingo, 18 Outubro 2020 11:15",Feyenoord,Sparta Rotterdam,1.22,6.3,10.0,-,2.92,1X,,,,,,,,,,,,,,,,"Sábado, 3 Outubro 2020 11:10",
1601720261-46,https://www.betano.pt/sport/futebol/franca/ligue-1/215r/,"Rennes
              
                Stade Reims",https://www.betano.pt/odds/rennes-stade-reims/6422094/,Ligue 1,"Domingo, 4 Outubro 2020 16:00",Rennes,Stade Reims,1.63,3.6,5.35,2.00,1.55,Mais de2.5,1.31,2.58,Mais de1.5,3.4,1.17,Mais de3.5,1.95,1.57,Ambas Equipas Marcam (Sim/Não),1.11,1.21,2.15,1X,12.0,2X,"Sábado, 3 Outubro 2020 11:16",
1601720918-126,https://www.betano.pt/sport/futebol/italia/serie-a/1635/,"AC Milão
              
                Spezia",https://www.betano.pt/odds/ac-milao-spezia/6595033/,Série A,"Domingo, 4 Outubro 2020 17:00",AC Milão,Spezia,1.27,5.45,9.0,1.50,2.14,Mais de2.5,1.13,4.05,Mais de1.5,2.3,1.44,Mais de3.5,1.91,1.65,Ambas Equipas Marcam (Sim/Não),1.03,1.13,3.35,1X,12.0,2X,"Sábado, 3 Outubro 2020 11:27",
1601720220-41,https://www.betano.pt/sport/futebol/franca/ligue-1/215r/,"Angers
              
                FC Metz",https://www.betano.pt/odds/angers-fc-metz/6551754/,Ligue 1,"Domingo, 18 Outubro 2020 19:00",Angers,FC Metz,2.1,3.05,3.6,2.05,1.5,Mais de2.5,1.35,2.45,Mais de1.5,3.55,1.15,Mais de3.5,1.8,1.67,Ambas Equipas Marcam (Sim/Não),1.24,1.28,1.65,1X,12.0,2X,"Sábado, 3 Outubro 2020 11:16",
1601720980-133,https://www.betano.pt/sport/futebol/inglaterra/premier-league/1/,"Leeds United
              
                Wolverhampton",https://www.betano.pt/odds/leeds-united-wolverhampton/6493467/,Premier League,"Segunda-feira, 19 Outubro 2020 20:00",Leeds United,Wolverhampton,2.76,3.05,2.56,2.02,1.57,Mais de2.5,1.33,2.62,Mais de1.5,3.55,1.18,Mais de3.5,1.75,1.78,Ambas Equipas Marcam (Sim/Não),1.45,1.28,1.38,1X,12.0,2X,"Sábado, 3 Outubro 2020 11:29",
1601720204-39,https://www.betano.pt/sport/futebol/franca/ligue-1/215r/,"Lille
              
                RC Lens",https://www.betano.pt/odds/lille-rc-lens/6551756/,Ligue 1,"Domingo, 18 Outubro 2020 19:00",Lille,RC Lens,1.63,3.5,5.5,1.90,1.6,Mais de2.5,1.28,2.68,Mais de1.5,3.2,1.19,Mais de3.5,1.87,1.63,Ambas Equipas Marcam (Sim/Não),1.11,1.21,2.14,1X,12.0,2X,"Sábado, 3 Outubro 2020 11:16",
1601720546-81,https://www.betano.pt/sport/futebol/russia/premier-liga/17098r/,"Rubin Kazan
              
                FC Akhmat Grozny",https://www.betano.pt/odds/rubin-kazan-fc-akhmat-grozny/6419925/,Premier Liga,"Domingo, 4 Outubro 2020 14:30",Rubin Kazan,FC Akhmat Grozny,2.05,3.1,3.7,1.91,1.57,Mais de2.5,1.28,2.62,Mais de1.5,3.2,1.18,Mais de3.5,1.7,1.75,Ambas Equipas Marcam (Sim/Não),1.23,1.27,1.7,1X,12.0,2X,"Sábado, 3 Outubro 2020 11:21",
1601720336-55,https://www.betano.pt/sport/futebol/inglaterra/championship/2r/,"Luton Town
              
                Stoke City",https://www.betano.pt/odds/luton-town-stoke-city/6539939/,Championship,"Sábado, 17 Outubro 2020 15:00",Luton Town,Stoke City,2.96,3.25,2.3,1.47,1.3,1X,,,,,,,,,,,,,,,,"Sábado, 3 Outubro 2020 11:18",
1601721029-139,https://www.betano.pt/sport/futebol/inglaterra/premier-league/1/,"Leicester
              
                Aston Villa",https://www.betano.pt/odds/leicester-aston-villa/6458218/,Premier League,"Sábado, 17 Outubro 2020 15:00",Leicester,Aston Villa,1.57,4.1,5.0,1.55,2.05,Mais de2.5,1.16,3.75,Mais de1.5,2.4,1.4,Mais de3.5,1.61,1.95,Ambas Equipas Marcam (Sim/Não),1.14,1.17,2.25,1X,12.0,2X,"Sábado, 3 Outubro 2020 11:29",
1601720314-53,https://www.betano.pt/sport/futebol/franca/ligue-1/215r/,"RC Lens
              
                Saint-Étienne",https://www.betano.pt/odds/rc-lens-saint-etienne/6422097/,Ligue 1,"Sábado, 3 Outubro 2020 16:00",RC Lens,Saint-Étienne,1.7,3.6,4.65,1.80,1.67,Mais de2.5,1.25,2.86,Mais de1.5,2.98,1.23,Mais de3.5,1.75,1.72,Ambas Equipas Marcam (Sim/Não),1.16,1.2,2.02,1X,12.0,2X,"Sábado, 3 Outubro 2020 11:16",
1601720879-121,https://www.betano.pt/sport/futebol/italia/serie-a/1635/,"FC Crotone
              
                Juventus",https://www.betano.pt/odds/fc-crotone-juventus/6650714/,Série A,"Sábado, 17 Outubro 2020 19:45",FC Crotone,Juventus,10.0,5.1,1.28,1.50,2.14,Mais de2.5,1.14,3.95,Mais de1.5,2.25,1.45,Mais de3.5,1.87,1.67,Ambas Equipas Marcam (Sim/Não),3.40,1.14,1.03,1X,12.0,2X,"Sábado, 3 Outubro 2020 11:27",
1601720996-135,https://www.betano.pt/sport/futebol/inglaterra/premier-league/1/,"Manchester City
              
                Arsenal",https://www.betano.pt/odds/manchester-city-arsenal/6458216/,Premier League,"Sábado, 17 Outubro 2020 17:30",Manchester City,Arsenal,1.38,4.5,7.25,1.91,1.65,Mais de3.5,1.09,4.65,Mais de1.5,1.36,2.5,Mais de2.5,1.53,2.12,Ambas Equipas Marcam (Sim/Não),1.06,1.14,2.78,1X,12.0,2X,"Sábado, 3 Outubro 2020 11:29",
1601719876-2,https://www.betano.pt/sport/futebol/holanda/eredivisie/17067r/,"PEC Zwolle
              
                PSV Eindhoven",https://www.betano.pt/odds/pec-zwolle-psv-eindhoven/6549969/,Eredivisie,"Domingo, 18 Outubro 2020 15:45",PEC Zwolle,PSV Eindhoven,6.55,4.4,1.42,2.45,1.05,1X,,,,,,,,,,,,,,,,"Sábado, 3 Outubro 2020 11:10",
1601720106-30,https://www.betano.pt/sport/futebol/alemanha/bundesliga/216r/,"Estugarda
              
                Bayer Leverkusen",https://www.betano.pt/odds/estugarda-bayer-leverkusen/6562366/,Bundesliga,"Sábado, 3 Outubro 2020 14:30",Estugarda,Bayer Leverkusen,2.9,3.55,2.2,2.05,1.55,Mais de3.5,1.11,4.3,Mais de1.5,1.42,2.35,Mais de2.5,1.36,2.54,Ambas Equipas Marcam (Sim/Não),1.57,1.22,1.36,1X,12.0,2X,"Sábado, 3 Outubro 2020 11:13",
1601720299-51,https://www.betano.pt/sport/futebol/franca/ligue-1/215r/,"Montpellier
              
                Nimes",https://www.betano.pt/odds/montpellier-nimes/6422092/,Ligue 1,"Domingo, 4 Outubro 2020 12:00",Montpellier,Nimes,1.7,3.55,4.75,1.67,1.8,Mais de2.5,1.2,3.15,Mais de1.5,2.65,1.3,Mais de3.5,1.63,1.87,Ambas Equipas Marcam (Sim/Não),1.15,1.21,2.04,1X,12.0,2X,"Sábado, 3 Outubro 2020 11:16",
1601720253-45,https://www.betano.pt/sport/futebol/franca/ligue-1/215r/,"Lyon
              
                Marselha",https://www.betano.pt/odds/lyon-marselha/6422492/,Ligue 1,"Domingo, 4 Outubro 2020 20:00",Lyon,Marselha,1.67,3.75,4.6,1.72,1.75,Mais de2.5,1.22,3.05,Mais de1.5,2.82,1.26,Mais de3.5,1.7,1.78,Ambas Equipas Marcam (Sim/Não),1.16,1.19,2.05,1X,12.0,2X,"Sábado, 3 Outubro 2020 11:16",
1601720600-88,https://www.betano.pt/sport/futebol/liga-dos-campeoes/liga-dos-campeoes-jogos/182748r/,,,,,,,,,,,,,,,,,,,,,,,,,,,,"Sábado, 3 Outubro 2020 11:23",
1601720307-52,https://www.betano.pt/sport/futebol/franca/ligue-1/215r/,"Nice
              
                Nantes",https://www.betano.pt/odds/nice-nantes/6422093/,Ligue 1,"Sábado, 3 Outubro 2020 20:00",Nice,Nantes,2.54,3.1,2.76,1.95,1.57,Mais de2.5,1.3,2.62,Mais de1.5,3.3,1.18,Mais de3.5,1.7,1.78,Ambas Equipas Marcam (Sim/Não),1.40,1.27,1.45,1X,12.0,2X,"Sábado, 3 Outubro 2020 11:16",
1601721120-151,https://www.betano.pt/sport/futebol/inglaterra/premier-league/1/,"Chelsea
              
                Crystal Palace FC",https://www.betano.pt/odds/chelsea-crystal-palace-fc/6458174/,Premier League,"Sábado, 3 Outubro 2020 12:30",Chelsea,Crystal Palace FC,1.47,4.1,6.35,1.65,1.91,Mais de2.5,1.2,3.35,Mais de1.5,2.62,1.33,Mais de3.5,1.75,1.8,Ambas Equipas Marcam (Sim/Não),1.08,1.17,2.5,1X,12.0,2X,"Sábado, 3 Outubro 2020 11:29",
1601720395-63,https://www.betano.pt/sport/futebol/inglaterra/championship/2r/,"Rotherham
              
                Norwich City",https://www.betano.pt/odds/rotherham-norwich-city/6539922/,Championship,"Sábado, 17 Outubro 2020 15:00",Rotherham,Norwich City,3.7,3.35,1.95,1.67,1.19,1X,,,,,,,,,,,,,,,,"Sábado, 3 Outubro 2020 11:18",
1601720181-36,https://www.betano.pt/sport/futebol/franca/ligue-1/215r/,"Nantes
              
                Stade Brestois 29",https://www.betano.pt/odds/nantes-stade-brestois-29/6551759/,Ligue 1,"Domingo, 18 Outubro 2020 19:00",Nantes,Stade Brestois 29,2.25,3.1,3.2,2.05,1.5,Mais de2.5,1.35,2.45,Mais de1.5,3.55,1.15,Mais de3.5,1.8,1.67,Ambas Equipas Marcam (Sim/Não),1.31,1.27,1.55,1X,12.0,2X,"Sábado, 3 Outubro 2020 11:16",
1601720771-108,https://www.betano.pt/sport/futebol/portugal/primeira-liga/17083/,"Gil Vicente FC
              
                CD Tondela",https://www.betano.pt/odds/gil-vicente-fc-cd-tondela/6644913/,Primeira Liga,"Terça-feira, 20 Outubro 2020 20:00",Gil Vicente FC,CD Tondela,2.25,3.25,3.05,2.13,1.47,Mais de2.5,1.35,2.45,Mais de1.5,3.75,1.13,Mais de3.5,1.87,1.63,Ambas Equipas Marcam (Sim/Não),1.33,1.25,1.55,1X,12.0,2X,"Sábado, 3 Outubro 2020 11:24",
1601720351-57,https://www.betano.pt/sport/futebol/inglaterra/championship/2r/,"Bournemouth
              
                Queens Park Rangers",https://www.betano.pt/odds/bournemouth-queens-park-rangers/6539930/,Championship,"Sábado, 17 Outubro 2020 15:00",Bournemouth,Queens Park Rangers,1.83,3.5,4.05,1.16,1.75,1X,,,,,,,,,,,,,,,,"Sábado, 3 Outubro 2020 11:18",
1601720196-38,https://www.betano.pt/sport/futebol/franca/ligue-1/215r/,"Marselha
              
                Bordéus",https://www.betano.pt/odds/marselha-bordeus/6551757/,Ligue 1,"Domingo, 18 Outubro 2020 19:00",Marselha,Bordéus,1.72,3.6,4.5,1.75,1.72,Mais de2.5,1.22,3.0,Mais de1.5,2.8,1.26,Mais de3.5,1.67,1.8,Ambas Equipas Marcam (Sim/Não),1.17,1.2,2.0,1X,12.0,2X,"Sábado, 3 Outubro 2020 11:16",
1601720779-109,https://www.betano.pt/sport/futebol/portugal/primeira-liga/17083/,"Portimonense
              
                Sporting CP",https://www.betano.pt/odds/portimonense-sporting-cp/6568910/,Primeira Liga,"Domingo, 4 Outubro 2020 21:00",Portimonense,Sporting CP,3.85,3.45,1.88,1.72,1.75,Mais de2.5,1.22,3.0,Mais de1.5,2.8,1.26,Mais de3.5,1.63,1.87,Ambas Equipas Marcam (Sim/Não),1.80,1.22,1.22,1X,12.0,2X,"Sábado, 3 Outubro 2020 11:24",
1601720553-82,https://www.betano.pt/sport/futebol/russia/premier-liga/17098r/,"Lokomotiv Moscovo
              
                FK Khimki",https://www.betano.pt/odds/lokomotiv-moscovo-fk-khimki/6418891/,Premier Liga,"Domingo, 4 Outubro 2020 12:00",Lokomotiv Moscovo,FK Khimki,1.53,4.0,5.8,1.72,1.72,Mais de2.5,1.21,2.98,Mais de1.5,2.82,1.24,Mais de3.5,1.8,1.65,Ambas Equipas Marcam (Sim/Não),1.10,1.16,2.37,1X,12.0,2X,"Sábado, 3 Outubro 2020 11:21",
1601720212-40,https://www.betano.pt/sport/futebol/franca/ligue-1/215r/,"Dijon
              
                Rennes",https://www.betano.pt/odds/dijon-rennes/6551755/,Ligue 1,"Domingo, 18 Outubro 2020 19:00",Dijon,Rennes,3.4,3.1,2.15,1.90,1.6,Mais de2.5,1.28,2.68,Mais de1.5,3.15,1.2,Mais de3.5,1.7,1.78,Ambas Equipas Marcam (Sim/Não),1.63,1.26,1.27,1X,12.0,2X,"Sábado, 3 Outubro 2020 11:16",
1601720965-132,https://www.betano.pt/sport/futebol/italia/serie-a/1635/,"Sassuolo
              
                FC Crotone",https://www.betano.pt/odds/sassuolo-fc-crotone/6595026/,Série A,"Sábado, 3 Outubro 2020 14:00",Sassuolo,FC Crotone,1.44,4.45,6.2,2.11,1.53,Mais de3.5,1.12,4.2,Mais de1.5,1.44,2.3,Mais de2.5,1.57,2.04,Ambas Equipas Marcam (Sim/Não),1.08,1.14,2.58,1X,12.0,2X,"Sábado, 3 Outubro 2020 11:27",
1601720380-61,https://www.betano.pt/sport/futebol/inglaterra/championship/2r/,"Wycombe
              
                Millwall FC",https://www.betano.pt/odds/wycombe-millwall-fc/6539926/,Championship,"Sábado, 17 Outubro 2020 15:00",Wycombe,Millwall FC,4.7,3.4,1.75,1.87,1.12,1X,,,,,,,,,,,,,,,,"Sábado, 3 Outubro 2020 11:18",
1601720083-27,https://www.betano.pt/sport/futebol/alemanha/bundesliga/216r/,"Bayern Munique
              
                Hertha Berlin",https://www.betano.pt/odds/bayern-munique-hertha-berlin/6562368/,Bundesliga,"Domingo, 4 Outubro 2020 17:00",Bayern Munique,Hertha Berlin,1.14,7.9,12.75,1.50,2.14,Mais de3.5,1.03,6.4,Mais de1.5,1.18,3.55,Mais de2.5,1.61,1.95,Ambas Equipas Marcam (Sim/Não),1.02,1.07,4.85,1X,12.0,2X,"Sábado, 3 Outubro 2020 11:13",
1601721113-150,https://www.betano.pt/sport/futebol/inglaterra/premier-league/1/,"Everton
              
                Brighton",https://www.betano.pt/odds/everton-brighton/6458184/,Premier League,"Sábado, 3 Outubro 2020 15:00",Everton,Brighton,1.8,3.6,4.05,1.65,1.91,Mais de2.5,1.2,3.35,Mais de1.5,2.6,1.35,Mais de3.5,1.57,2.02,Ambas Equipas Marcam (Sim/Não),1.20,1.22,1.9,1X,12.0,2X,"Sábado, 3 Outubro 2020 11:29",
1601720786-110,https://www.betano.pt/sport/futebol/portugal/primeira-liga/17083/,"SL Benfica
              
                SC Farense",https://www.betano.pt/odds/sl-benfica-sc-farense/6568911/,Primeira Liga,"Domingo, 4 Outubro 2020 18:30",SL Benfica,SC Farense,1.1,8.5,20.0,1.95,1.57,Mais de3.5,1.08,4.45,Mais de1.5,1.36,2.4,Mais de2.5,2.3,1.4,Ambas Equipas Marcam (Sim/Não),-,1.04,5.95,1X,12.0,2X,"Sábado, 3 Outubro 2020 11:24",
1601721036-140,https://www.betano.pt/sport/futebol/inglaterra/premier-league/1/,"Newcastle
              
                Manchester United",https://www.betano.pt/odds/newcastle-manchester-united/6458215/,Premier League,"Sábado, 17 Outubro 2020 15:00",Newcastle,Manchester United,5.9,4.05,1.5,1.65,1.91,Mais de2.5,1.2,3.35,Mais de1.5,2.62,1.33,Mais de3.5,1.72,1.83,Ambas Equipas Marcam (Sim/Não),2.40,1.18,1.09,1X,12.0,2X,"Sábado, 3 Outubro 2020 11:29",
1601720148-33,https://www.betano.pt/sport/futebol/alemanha/bundesliga/216r/,"Eintracht Frankfurt
              
                Hoffenheim",https://www.betano.pt/odds/eintracht-frankfurt-hoffenheim/6562363/,Bundesliga,"Sábado, 3 Outubro 2020 14:30",Eintracht Frankfurt,Hoffenheim,2.56,3.65,2.4,1.75,1.8,Mais de3.5,1.07,5.15,Mais de1.5,1.3,2.78,Mais de2.5,1.26,2.96,Ambas Equipas Marcam (Sim/Não),1.50,1.21,1.45,1X,12.0,2X,"Sábado, 3 Outubro 2020 11:13",
1601720847-117,https://www.betano.pt/sport/futebol/italia/serie-a/1635/,"AS Roma
              
                Benevento Calcio",https://www.betano.pt/odds/as-roma-benevento-calcio/6650718/,Série A,"Domingo, 18 Outubro 2020 19:45",AS Roma,Benevento Calcio,1.27,5.25,9.75,2.10,1.53,Mais de3.5,1.12,4.25,Mais de1.5,1.44,2.3,Mais de2.5,1.75,1.78,Ambas Equipas Marcam (Sim/Não),1.03,1.13,3.4,1X,12.0,2X,"Sábado, 3 Outubro 2020 11:27",
1601720561-83,https://www.betano.pt/sport/futebol/russia/premier-liga/17098r/,"Spartak Moscovo
              
                Zenit São Petersburgo",https://www.betano.pt/odds/spartak-moscovo-zenit-sao-petersburgo/6412164/,Premier Liga,"Sábado, 3 Outubro 2020 17:00",Spartak Moscovo,Zenit São Petersburgo,3.4,3.35,2.05,1.72,1.72,Mais de2.5,1.22,2.92,Mais de1.5,2.78,1.25,Mais de3.5,1.57,1.9,Ambas Equipas Marcam (Sim/Não),1.67,1.24,1.27,1X,12.0,2X,"Sábado, 3 Outubro 2020 11:21",
1601719929-9,https://www.betano.pt/sport/futebol/holanda/eredivisie/17067r/,"Ajax
              
                SC Heerenveen",https://www.betano.pt/odds/ajax-sc-heerenveen/6541619/,Eredivisie,"Sábado, 17 Outubro 2020 17:45",Ajax,SC Heerenveen,1.09,9.0,18.5,-,3.6,1X,,,,,,,,,,,,,,,,"Sábado, 3 Outubro 2020 11:10",
