AAD,ABS,ACCC,ACorn,AF,AOff,AP,APass,AR,AS,ASOT,AST,ASaves,AT,ATack,AY,Attendance,Date,FTAG,FTHG,GameID,HAD,HBS,HCCC,HCorn,HF,HOff,HP,HPass,HR,HS,HSOT,HST,HSaves,HT,HTack,HY,League
46.4,0,2,2,16,2,39.2,78.9,0,6,5,1,5,Dundee United,71.4,3,,"3:00pm, Saturday 12th September 2020.",0,4,425604,53.6,2,3,6,4,3,60.8,83.8,0,25,14,9,1,Rangers,84.6,1, Scottish Premiership
51.4,6,1,7,14,4,48.2,66.7,0,15,4,5,3,Hibernian,58.3,2,,"3:00pm, Saturday 12th September 2020.",3,0,425606,48.6,5,1,8,14,1,51.7,70.8,0,15,7,3,2,St Mirren,78.6,2, Scottish Premiership
81.3,4,3,7,11,2,57.8,86.6,0,18,4,10,5,Celtic,68.4,1,300.,"3:00pm, Saturday 12th September 2020.",5,0,425605,18.8,2,1,4,13,3,42.2,82.8,0,9,2,5,4,Ross County,69.2,1, Scottish Premiership
50.0,2,1,3,11,1,58.8,76.8,0,12,7,3,1,St. Johnstone,85.7,0,,"3:00pm, Saturday 12th September 2020.",0,1,425603,50.0,0,0,2,16,1,41.2,69.9,0,6,4,2,3,Motherwell,90.9,4, Scottish Premiership
75.0,0,3,3,11,0,76.8,89.9,0,17,8,9,1,Celtic,53.8,1,,"7:45pm, Wednesday 16th September 2020.",2,1,425582,25.0,2,1,4,13,1,23.2,57.9,0,8,4,2,7,St Mirren,53.8,3, Scottish Premiership
46.2,2,0,0,6,5,51.2,75.6,0,6,1,3,3,Leeds United,58.8,0,,"5:30pm, Saturday 12th September 2020.",3,4,428840,53.8,13,1,9,9,2,48.8,75.9,0,22,3,6,0,Liverpool,76.9,1, Premier League
47.8,6,0,6,11,2,37.6,59.5,0,11,4,1,4,St Mirren,52.4,1,,"7:45pm, Friday 2nd October 2020.",1,2,425619,52.2,8,0,5,14,1,62.4,75.5,0,15,1,6,0,Aberdeen,50.0,1, Scottish Premiership
42.9,2,0,2,12,3,37.1,74.2,0,5,2,1,3,Schalke,55.0,2,,"7:30pm, Friday 18th September 2020.",0,8,427449,57.1,3,7,9,11,3,62.9,89.2,0,21,6,12,1,Bayern Munich,78.6,1, German Bundesliga
57.1,7,3,6,20,2,60.1,76.9,0,21,10,4,3,Roma,41.7,0,,"7:45pm, Saturday 19th September 2020.",0,0,434333,42.9,2,1,0,19,3,39.9,67.5,0,8,3,3,4,Verona,18.2,2, Italian Serie A
47.6,4,0,4,9,2,33.6,77.2,0,15,10,1,5,Sampdoria,45.5,1,,"7:45pm, Sunday 20th September 2020.",0,3,434327,52.4,6,0,6,15,3,66.4,90.2,0,20,6,8,2,Juventus,58.8,1, Italian Serie A
36.0,3,1,5,9,3,64.2,84.6,0,13,3,7,1,Leicester City,58.8,1,,"2:00pm, Sunday 13th September 2020.",3,0,428843,64.0,3,0,2,12,4,35.8,75.9,0,7,3,1,4,West Bromwich Albion,71.4,1, Premier League
63.3,3,0,2,6,0,33.8,72.0,0,9,3,3,5,Derby County,87.5,2,,"12:30pm, Saturday 3rd October 2020.",1,0,429746,36.7,2,1,7,13,2,66.2,86.3,0,13,6,5,2,Norwich City,92.9,3, Sky Bet Championship
47.6,2,1,1,20,1,50.4,82.9,0,6,1,3,5,Torino,50.0,1,,"5:00pm, Saturday 19th September 2020.",0,1,434325,52.4,5,3,4,17,6,49.6,85.1,0,15,5,5,3,Fiorentina,46.2,3, Italian Serie A
55.3,0,0,3,17,1,59.6,75.6,0,8,6,2,1,Real Sociedad,66.7,1,,"3:00pm, Sunday 13th September 2020.",1,1,433780,44.7,0,1,5,15,1,40.4,66.0,0,8,5,3,1,Real Valladolid,58.3,4, Spanish La Liga
50.0,7,1,5,13,1,64.9,82.4,0,14,4,3,1,Derby County,58.3,0,,"3:00pm, Saturday 19th September 2020.",1,2,429720,50.0,2,3,4,15,6,35.1,71.4,0,9,4,3,2,Luton Town,80.0,2, Sky Bet Championship
59.5,6,1,7,7,4,41.7,77.8,0,15,7,2,3,Newcastle United,76.9,2,,"8:00pm, Saturday 12th September 2020.",2,0,428844,40.5,7,0,8,13,2,58.3,82.9,0,15,5,3,0,West Ham United,14.3,2, Premier League
50.0,1,2,3,11,0,70.6,79.0,0,9,3,5,2,Southampton,64.3,1,,"3:00pm, Saturday 12th September 2020.",0,1,428838,50.0,0,3,7,14,4,29.4,51.7,0,5,2,3,5,Crystal Palace,60.0,2, Premier League
65.4,2,0,6,13,0,49.0,81.3,0,9,4,3,4,Valencia,66.7,1,,"8:00pm, Saturday 19th September 2020.",1,2,433784,34.6,7,2,6,12,2,51.0,81.6,0,23,10,6,2,Celta Vigo,60.0,3, Spanish La Liga
56.0,4,1,5,20,0,42.0,74.9,2,9,3,2,4,Barnsley,57.7,2,,"3:00pm, Saturday 19th September 2020.",0,2,429724,44.0,1,1,6,11,4,58.0,82.7,0,6,0,5,2,Reading,66.7,1, Sky Bet Championship
25.0,2,0,4,17,3,58.2,78.5,0,11,5,4,2,Real Betis,80.0,3,,"1:00pm, Sunday 13th September 2020.",1,0,433773,75.0,2,0,6,19,8,41.8,74.6,0,7,3,2,3,Alaves,50.0,3, Spanish La Liga
56.0,1,1,1,13,3,44.8,56.1,0,10,6,3,1,Osasuna,36.4,2,,"5:30pm, Saturday 19th September 2020.",0,1,433785,44.0,2,1,4,19,2,55.2,65.1,0,6,3,1,3,Getafe,71.4,4, Spanish La Liga
61.5,7,0,11,12,3,67.7,88.6,0,16,5,4,1,Real Madrid,46.7,2,,"8:00pm, Sunday 20th September 2020.",0,0,433790,38.5,1,1,1,17,2,32.3,76.1,0,6,4,1,4,Real Sociedad,52.9,2, Spanish La Liga
47.6,2,1,4,12,0,43.9,68.2,0,5,0,3,1,Alaves,77.8,3,,"5:30pm, Sunday 20th September 2020.",1,2,433786,52.4,2,4,4,9,5,56.1,75.9,0,10,5,3,2,Granada,47.1,0, Spanish La Liga
37.5,4,0,3,10,4,43.7,75.6,0,9,3,2,4,Real Valladolid,46.2,0,,"5:30pm, Sunday 20th September 2020.",0,2,433789,62.5,4,1,5,18,1,56.3,80.8,0,16,6,6,2,Real Betis,58.8,3, Spanish La Liga
43.6,2,2,3,12,5,42.4,70.8,0,12,6,4,5,Eibar,47.4,1,,"3:00pm, Saturday 19th September 2020.",1,2,433792,56.4,0,6,4,5,9,57.6,78.1,0,14,6,8,3,Villarreal,66.7,1, Spanish La Liga
43.8,0,1,1,23,0,29.1,62.1,0,6,2,4,0,Cadiz,61.1,3,,"3:00pm, Sunday 20th September 2020.",2,0,433787,56.3,1,0,2,18,4,70.9,85.7,0,5,3,1,2,SD Huesca,68.4,3, Spanish La Liga
50.0,0,5,3,10,8,54.3,86.5,0,11,7,4,3,Real Madrid,85.7,2,,"8:00pm, Saturday 26th September 2020.",3,2,433800,50.0,5,2,8,9,1,45.7,82.0,1,15,5,5,2,Real Betis,43.8,5, Spanish La Liga
55.6,4,0,4,20,3,52.0,82.6,0,17,9,4,1,SD Huesca,65.0,1,,"3:00pm, Saturday 26th September 2020.",1,1,433802,44.4,1,0,4,14,2,48.0,76.8,0,5,2,2,3,Valencia,12.5,0, Spanish La Liga
54.5,2,0,4,10,4,43.4,84.7,0,5,2,1,6,Villarreal,33.3,1,,"8:00pm, Sunday 27th September 2020.",0,4,433795,45.5,5,3,8,9,1,56.6,89.2,0,17,3,9,1,Barcelona,70.0,0, Spanish La Liga
63.6,13,2,11,12,2,59.9,86.0,0,27,7,7,2,Real Sociedad,80.0,1,,"5:30pm, Saturday 26th September 2020.",3,0,433798,36.4,1,2,2,11,1,40.1,76.9,0,5,2,2,4,Elche,66.7,3, Spanish La Liga
37.9,1,1,5,13,3,53.0,65.3,0,11,6,4,0,Getafe,66.7,2,,"12:00pm, Saturday 26th September 2020.",0,0,433793,62.1,1,3,1,13,2,47.0,54.4,0,9,8,0,4,Alaves,72.2,2, Spanish La Liga
57.7,1,0,4,12,4,51.0,62.5,0,9,3,5,0,Athletic Bilbao,60.0,1,,"1:00pm, Sunday 27th September 2020.",2,1,433797,42.3,0,1,5,15,5,49.0,62.5,0,7,6,1,3,Eibar,53.8,1, Spanish La Liga
42.9,1,4,5,14,2,75.9,90.7,0,14,8,5,4,Sevilla,100.0,2,,"5:30pm, Sunday 27th September 2020.",3,1,433796,57.1,1,2,6,9,0,24.1,61.2,0,12,6,5,2,Cadiz,63.2,4, Spanish La Liga
67.7,1,2,1,17,2,46.2,71.3,0,5,3,1,3,Celta Vigo,60.0,4,,"5:30pm, Sunday 27th September 2020.",1,1,433801,32.3,1,1,4,26,2,53.8,74.1,0,10,5,4,0,Real Valladolid,64.7,3, Spanish La Liga
53.5,2,1,1,14,0,44.8,75.6,0,11,3,6,4,Granada,43.8,2,,"3:00pm, Sunday 27th September 2020.",1,6,433794,46.5,0,5,1,16,2,55.2,83.5,0,17,7,10,6,Atletico Madrid,58.3,3, Spanish La Liga
54.1,4,0,4,17,1,69.9,84.0,1,10,4,2,1,Real Betis,42.1,2,,"8:30pm, Tuesday 29th September 2020.",0,3,433806,45.9,3,2,1,15,3,30.1,58.1,0,8,1,4,2,Getafe,76.2,4, Spanish La Liga
51.1,1,4,7,16,7,59.0,71.9,0,11,5,5,2,Levante,70.0,0,,"11:00am, Sunday 27th September 2020.",3,1,433799,48.9,0,1,3,15,2,41.0,62.4,0,8,4,4,2,Osasuna,53.3,2, Spanish La Liga
46.3,3,1,3,15,4,34.7,71.1,0,9,1,5,3,Valencia,35.7,5,,"6:00pm, Tuesday 29th September 2020.",1,0,433810,53.7,3,0,9,16,1,65.3,83.1,0,11,5,3,4,Real Sociedad,60.0,1, Spanish La Liga
46.4,0,0,7,7,1,37.0,79.5,0,11,6,5,4,Real Valladolid,66.7,1,,"8:30pm, Wednesday 30th September 2020.",0,1,433809,53.6,4,1,4,11,2,63.0,86.8,0,15,6,5,5,Real Madrid,90.9,2, Spanish La Liga
51.4,2,0,2,14,1,38.7,66.4,0,5,1,2,4,Elche,64.3,2,,"8:30pm, Wednesday 30th September 2020.",1,0,433805,48.6,1,0,3,9,0,61.3,83.7,0,12,7,4,1,Eibar,76.5,2, Spanish La Liga
70.0,0,2,0,13,2,41.2,75.9,0,8,5,3,2,Alaves,35.7,2,,"6:00pm, Wednesday 30th September 2020.",1,3,433812,30.0,0,3,2,11,4,58.8,83.4,0,10,4,6,2,Villarreal,80.0,0, Spanish La Liga
45.5,1,1,8,10,2,56.2,85.6,1,7,2,4,3,Barcelona,40.0,3,,"8:30pm, Thursday 1st October 2020.",3,0,433804,54.5,5,0,3,22,1,43.8,81.2,0,10,2,3,2,Celta Vigo,58.3,5, Spanish La Liga
52.8,7,3,7,10,2,63.4,86.4,0,16,7,2,3,Atletico Madrid,66.7,0,,"6:00pm, Wednesday 30th September 2020.",0,0,433808,47.2,2,0,5,13,1,36.6,76.1,0,9,4,3,2,SD Huesca,56.3,1, Spanish La Liga
65.7,1,1,4,21,1,47.0,64.8,1,11,5,5,2,Eibar,52.6,3,,"12:00pm, Saturday 3rd October 2020.",2,1,433821,34.3,2,0,3,11,3,53.0,68.6,0,9,4,3,3,Real Valladolid,75.0,2, Spanish La Liga
61.9,0,0,1,7,0,45.5,84.4,0,6,4,2,1,Villarreal,54.5,2,,"3:00pm, Saturday 3rd October 2020.",0,0,433814,38.1,6,0,9,11,4,54.5,87.1,0,14,7,1,2,Atletico Madrid,63.2,1, Spanish La Liga
39.1,0,0,4,17,1,35.0,75.6,0,3,2,1,1,Levante,50.0,2,,"6:00pm, Thursday 1st October 2020.",0,1,433811,60.9,3,2,2,14,1,65.0,88.4,0,16,11,2,1,Sevilla,68.8,6, Spanish La Liga
46.2,5,0,1,17,0,58.3,84.8,0,15,8,2,0,Nashville SC,66.7,3,"1,500.","12:30am, Sunday 20th September 2020.",0,2,438295,53.8,2,1,2,17,3,41.7,81.0,0,8,4,2,2,Columbus Crew,40.0,3, American MLS League
46.2,0,0,2,16,2,27.7,59.4,2,3,2,1,4,Cadiz,23.1,1,,"6:00pm, Thursday 1st October 2020.",1,0,433803,53.8,2,0,5,15,6,72.3,83.5,0,13,7,4,1,Athletic Bilbao,55.6,3, Spanish La Liga
42.9,5,1,4,7,1,52.4,82.9,0,17,7,5,2,Toronto FC,50.0,3,,"12:30am, Sunday 20th September 2020.",2,2,438296,57.1,3,0,3,12,6,47.6,83.5,0,14,7,4,3,D.C. United,78.6,1, American MLS League
70.0,3,1,2,10,0,35.0,81.4,0,7,4,0,7,Vancouver Whitecaps,57.1,1,,"3:30am, Thursday 24th September 2020.",0,6,438310,30.0,6,2,12,10,3,65.0,90.0,0,19,2,11,0,Los Angeles Football Club,54.5,1, American MLS League
68.1,5,2,5,9,2,54.7,78.3,0,14,5,4,1,FC Cincinnati,63.2,1,,"12:00am, Sunday 20th September 2020.",1,0,438299,31.9,3,1,3,13,2,45.3,68.9,0,10,6,1,3,New York Red Bulls,50.0,3, American MLS League
44.4,4,7,7,11,4,58.8,88.2,0,20,5,11,2,Philadelphia Union,46.7,1,,"12:00am, Monday 21st September 2020.",4,1,438303,55.6,3,1,4,9,1,41.2,80.8,1,10,4,3,7,Montreal Impact,64.3,0, American MLS League
45.8,7,3,4,11,3,42.7,76.8,0,14,2,5,2,Inter Miami CF,53.3,2,,"12:00am, Sunday 20th September 2020.",2,1,438294,54.2,2,1,3,9,4,57.3,83.4,0,8,3,3,3,Atlanta United FC,68.4,1, American MLS League
50.0,1,2,3,9,5,41.3,77.8,0,7,2,4,4,Montreal Impact,78.9,1,,"10:00pm, Wednesday 23rd September 2020.",1,3,438312,50.0,3,2,14,6,4,58.7,85.5,0,20,10,7,3,New England Revolution,54.5,1, American MLS League
50.0,3,1,4,13,0,40.6,78.9,0,10,3,4,4,San Jose Earthquakes,81.8,2,,"2:00am, Thursday 24th September 2020.",0,5,438306,50.0,3,6,3,7,1,59.4,88.6,0,16,5,8,4,Colorado Rapids,66.7,2, American MLS League
40.5,2,2,1,16,2,43.9,77.7,0,8,3,3,1,Orlando City SC,81.3,3,,"12:30am, Thursday 24th September 2020.",2,1,438316,59.5,4,3,13,18,3,56.1,82.6,0,16,10,2,1,Sporting Kansas City,75.0,3, American MLS League
65.2,3,1,13,8,3,66.7,86.8,0,19,10,6,1,Seattle Sounders FC,82.4,3,,"3:00am, Thursday 24th September 2020.",0,1,438314,34.8,3,1,4,11,0,33.3,73.4,0,9,4,2,6,Portland Timbers,63.6,3, American MLS League
46.9,3,0,5,18,4,49.1,79.3,0,7,3,1,4,Los Angeles Galaxy,55.6,2,"3,943.","2:30am, Thursday 24th September 2020.",0,2,438315,53.1,2,1,4,12,2,50.9,79.2,0,13,5,6,1,Real Salt Lake,53.8,1, American MLS League
58.1,0,5,2,13,2,35.0,61.1,0,10,5,5,3,New York Red Bulls,70.6,0,,"1:00am, Thursday 24th September 2020.",4,1,438309,41.9,2,3,2,13,2,65.0,77.5,0,14,8,4,1,Inter Miami CF,55.6,2, American MLS League
55.0,0,1,1,6,1,38.9,80.2,1,4,3,1,4,D.C. United,63.6,0,,"1:30am, Thursday 24th September 2020.",0,1,438311,45.0,3,1,6,16,1,61.1,87.7,0,16,8,5,1,Nashville SC,66.7,1, American MLS League
37.9,2,0,3,14,0,56.7,78.8,0,6,4,0,1,Philadelphia Union,54.5,2,,"12:30am, Thursday 24th September 2020.",0,0,438308,62.1,2,1,5,20,2,43.3,79.0,0,7,4,1,0,FC Cincinnati,63.2,4, American MLS League
42.1,2,2,1,14,3,42.5,82.4,0,8,4,2,3,Minnesota United FC,52.4,3,"1,455.","12:30am, Thursday 24th September 2020.",1,2,438307,57.9,5,0,5,17,1,57.5,85.1,0,15,5,5,1,Columbus Crew,71.4,1, American MLS League
52.2,0,1,2,17,2,38.5,80.7,0,8,4,4,4,FC Cincinnati,64.3,2,,"12:00am, Sunday 27th September 2020.",0,4,438318,47.8,6,2,7,14,3,61.5,85.2,0,22,8,8,4,New York City FC,75.0,3, American MLS League
43.5,2,0,5,15,3,45.8,78.4,0,7,4,1,5,Houston Dynamo,61.5,3,,"12:30am, Thursday 24th September 2020.",0,4,438305,56.5,2,2,2,14,1,54.2,84.4,0,16,5,9,1,Chicago Fire,75.0,2, American MLS League
62.5,2,2,1,16,4,41.0,77.8,0,9,4,3,8,Toronto FC,50.0,4,,"12:00am, Thursday 24th September 2020.",1,0,438313,37.5,3,1,9,23,6,59.0,84.8,0,16,5,8,2,New York City FC,58.8,4, American MLS League
56.4,2,1,2,9,1,52.5,78.1,0,6,3,1,4,FC Dallas,68.8,1,,"12:00am, Thursday 24th September 2020.",0,1,438304,43.6,5,0,8,14,0,47.5,78.5,0,12,2,5,1,Atlanta United FC,41.7,0, American MLS League
38.9,3,0,5,16,0,46.9,81.9,0,12,2,7,3,Portland Timbers,58.8,2,,"3:00am, Monday 28th September 2020.",1,0,438329,61.1,1,2,5,16,1,53.1,85.4,0,8,4,3,6,Vancouver Whitecaps,73.7,3, American MLS League
58.8,2,2,1,13,2,46.9,78.7,0,13,3,8,2,San Jose Earthquakes,50.0,3,,"3:30am, Monday 28th September 2020.",2,1,438324,41.2,6,2,6,18,1,53.1,82.8,0,13,4,3,6,Los Angeles Football Club,50.0,1, American MLS League
43.3,7,1,11,13,0,57.7,84.1,0,18,3,8,2,Houston Dynamo,87.5,2,,"8:30pm, Saturday 26th September 2020.",1,1,438317,56.7,4,2,6,6,2,42.3,80.4,0,9,2,3,7,Nashville SC,58.3,0, American MLS League
55.0,0,0,3,13,2,56.1,73.3,0,2,2,0,3,Fortuna Sittard,83.3,0,"8,000.","8:00pm, Saturday 12th September 2020.",0,2,431741,45.0,4,3,7,9,3,43.9,74.7,0,14,5,5,0,FC Twente,56.3,1, Dutch Eredivisie
63.6,1,2,3,11,1,46.5,82.2,0,13,6,6,5,Feyenoord,78.9,1,"2,993.","7:00pm, Saturday 12th September 2020.",2,0,431743,36.4,4,0,3,15,0,53.5,82.5,0,17,8,5,4,PEC Zwolle,71.4,3, Dutch Eredivisie
52.9,2,3,5,3,4,49.0,82.1,0,12,3,7,4,Seattle Sounders FC,68.8,0,,"3:30am, Monday 28th September 2020.",3,1,438323,47.1,1,2,8,9,3,51.0,85.2,0,9,3,5,4,Los Angeles Galaxy,66.7,1, American MLS League
50.0,7,0,8,10,4,59.2,83.8,0,16,6,3,2,Inter Miami CF,80.0,1,,"12:30am, Monday 28th September 2020.",0,3,438327,50.0,0,1,2,16,1,40.8,76.9,0,7,2,5,3,Philadelphia Union,40.0,1, American MLS League
57.1,2,3,4,8,4,51.4,80.3,0,10,3,5,4,Atlanta United FC,61.5,1,,"12:30am, Monday 28th September 2020.",0,2,438319,42.9,3,4,3,14,5,48.6,82.7,0,15,6,6,5,Chicago Fire,38.5,0, American MLS League
38.5,7,0,6,13,0,53.7,83.0,1,17,7,3,4,Orlando City SC,63.2,1,"3,113.","1:30am, Monday 28th September 2020.",0,0,438322,61.5,4,1,6,13,3,46.3,83.4,0,14,6,4,3,FC Dallas,69.6,3, American MLS League
39.3,0,0,10,13,1,61.6,81.3,0,10,6,4,5,Willem II,64.3,3,"4,000.","5:45pm, Saturday 12th September 2020.",0,2,431744,60.7,0,3,3,12,2,38.4,75.3,0,13,6,7,4,Heerenveen,58.3,2, Dutch Eredivisie
56.7,3,1,6,17,1,55.9,83.4,0,17,8,6,2,Vitesse Arnhem,76.0,1,"1,967.","3:45pm, Sunday 13th September 2020.",1,0,431748,43.3,0,0,0,11,0,44.1,76.1,0,6,4,2,4,RKC Waalwijk,35.7,1, Dutch Eredivisie
50.0,3,1,3,19,2,42.3,75.8,0,12,5,4,7,Real Salt Lake,61.9,2,,"1:00am, Monday 28th September 2020.",0,0,438325,50.0,0,2,3,8,0,57.7,79.7,0,14,7,7,4,Minnesota United FC,53.8,1, American MLS League
46.2,6,3,1,10,3,58.7,86.6,0,16,4,6,1,PSV Eindhoven,58.3,2,"6,049.","3:45pm, Sunday 13th September 2020.",3,1,431746,53.8,4,1,3,12,1,41.3,80.0,0,14,8,2,3,Groningen,62.5,4, Dutch Eredivisie
48.7,1,1,1,13,1,48.3,76.3,1,9,4,4,3,Ajax,50.0,3,"3,934.","1:30pm, Sunday 13th September 2020.",1,0,431749,51.3,4,0,2,13,0,51.7,78.6,0,14,7,3,3,Sparta Rotterdam,73.7,2, Dutch Eredivisie
68.4,2,0,3,10,5,61.8,84.3,1,7,1,4,1,Montreal Impact,71.4,1,,"12:00am, Monday 28th September 2020.",1,4,438326,31.6,5,5,5,9,5,38.2,76.0,0,14,4,5,3,New York Red Bulls,57.1,0, American MLS League
52.6,5,2,5,14,1,56.2,81.6,0,17,9,3,3,New England Revolution,50.0,1,,"12:00am, Monday 28th September 2020.",2,0,438321,47.4,1,0,1,17,2,43.8,73.5,0,8,4,3,1,D.C. United,69.2,3, American MLS League
61.1,3,6,3,13,3,26.7,69.8,0,14,4,7,1,VVV-Venlo,80.0,3,"2,400.","11:15am, Sunday 13th September 2020.",5,3,431745,38.9,6,0,7,10,1,73.3,86.6,0,15,4,5,3,Emmen,84.6,2, Dutch Eredivisie
50.0,10,4,12,7,1,73.1,87.7,0,26,7,9,2,FC Utrecht,73.3,1,"1,435.","7:00pm, Friday 18th September 2020.",1,1,431750,50.0,2,2,5,15,1,26.9,58.2,0,9,4,3,6,VVV-Venlo,82.6,2, Dutch Eredivisie
66.7,2,0,2,15,0,37.6,68.1,1,8,5,1,3,ADO Den Haag,68.4,1,"2,700.","1:30pm, Sunday 13th September 2020.",0,2,431747,33.3,3,5,7,5,3,62.4,84.3,0,22,14,5,1,Heracles Almelo,71.4,1, Dutch Eredivisie
53.8,2,1,2,13,3,44.4,83.3,0,10,5,3,3,Columbus Crew,61.5,2,,"12:30am, Monday 28th September 2020.",1,3,438328,46.2,0,1,4,8,2,55.6,86.1,0,10,4,6,2,Toronto FC,60.9,2, American MLS League
52.1,1,4,2,11,2,33.3,68.3,0,10,4,5,5,Heerenveen,76.9,0,"2,825.","8:00pm, Saturday 19th September 2020.",3,1,431752,47.9,9,2,14,9,0,66.7,79.3,0,25,9,7,2,Fortuna Sittard,38.5,4, Dutch Eredivisie
33.3,0,1,7,15,0,30.0,65.4,1,2,1,1,6,Sparta Rotterdam,47.4,2,"4,914.","5:45pm, Saturday 19th September 2020.",0,2,431754,66.7,7,3,6,4,0,70.0,86.8,0,26,10,9,1,Vitesse Arnhem,50.0,2, Dutch Eredivisie
32.4,3,0,5,12,0,43.8,74.3,0,7,2,2,3,Emmen,72.7,3,"8,000.","7:00pm, Saturday 19th September 2020.",1,2,431753,67.6,7,2,7,8,0,56.2,84.1,0,22,10,5,2,PSV Eindhoven,70.0,0, Dutch Eredivisie
57.4,1,1,2,13,1,46.4,59.2,0,12,7,4,2,Hamilton Academical,23.1,2,,"3:00pm, Saturday 12th September 2020.",2,1,425602,42.6,10,2,7,21,3,53.6,63.7,0,19,7,2,2,Livingston,53.8,2, Scottish Premiership
37.7,2,0,10,14,4,50.2,70.9,0,7,4,1,2,Kilmarnock,45.0,1,300.,"3:00pm, Saturday 12th September 2020.",0,1,425601,62.3,5,2,10,8,1,49.8,70.9,0,13,5,3,1,Aberdeen,50.0,0, Scottish Premiership
42.9,2,1,5,8,0,42.9,73.3,0,7,3,2,1,Heracles Almelo,55.6,0,"3,908.","1:30pm, Sunday 20th September 2020.",0,4,431758,57.1,3,1,8,10,0,57.1,83.6,0,19,11,5,2,Willem II,50.0,1, Dutch Eredivisie
57.9,1,1,3,4,3,64.4,82.2,0,11,5,5,4,Groningen,60.0,1,"8,000.","7:00pm, Friday 25th September 2020.",1,3,431759,42.1,0,3,1,11,3,35.6,67.1,0,7,0,7,4,FC Twente,75.0,0, Dutch Eredivisie
57.1,2,0,3,6,4,36.8,79.1,1,6,1,3,7,RKC Waalwijk,47.4,0,"12,000.","3:45pm, Sunday 20th September 2020.",0,3,431756,42.9,5,2,4,8,2,63.2,86.2,0,23,8,10,3,Ajax,78.6,1, Dutch Eredivisie
51.9,2,2,8,11,1,57.0,80.9,0,12,4,6,0,Groningen,64.3,1,"3,378.","11:15am, Sunday 20th September 2020.",1,0,431755,48.1,3,0,3,12,0,43.0,71.4,0,6,3,0,5,ADO Den Haag,60.7,1, Dutch Eredivisie
37.9,2,0,4,20,0,42.6,71.1,0,10,5,3,4,FC Twente,71.4,2,"13,000.","1:30pm, Sunday 20th September 2020.",1,1,431757,62.1,3,2,8,7,5,57.4,77.2,0,18,10,5,2,Feyenoord,68.2,2, Dutch Eredivisie
57.6,2,1,2,22,3,58.9,82.0,1,14,8,4,2,PEC Zwolle,60.0,5,"5,000.","3:30pm, Saturday 19th September 2020.",1,1,431751,42.4,5,0,6,7,4,41.1,70.1,1,13,5,3,3,AZ Alkmaar,66.7,2, Dutch Eredivisie
37.9,7,2,4,15,1,52.5,79.1,0,24,12,5,2,Vitesse Arnhem,68.4,4,"12,176.","8:00pm, Saturday 26th September 2020.",1,2,431760,62.1,4,4,7,13,2,47.5,76.1,1,18,10,4,4,Ajax,85.7,3, Dutch Eredivisie
46.7,3,0,1,14,1,47.6,84.6,0,12,5,4,4,RKC Waalwijk,83.3,0,"4,944.","1:30pm, Sunday 27th September 2020.",1,3,431765,53.3,1,3,6,7,3,52.4,84.6,0,12,4,7,2,FC Utrecht,64.0,0, Dutch Eredivisie
51.9,3,0,5,10,0,31.3,72.1,1,9,4,2,4,Sparta Rotterdam,52.6,1,"2,933.","3:30pm, Saturday 26th September 2020.",0,4,431762,48.1,7,1,9,12,3,68.7,87.2,0,20,5,8,2,PEC Zwolle,73.3,1, Dutch Eredivisie
52.6,2,2,8,13,3,53.6,82.4,0,12,6,4,2,AZ Alkmaar,44.4,1,"3,000.","5:45pm, Saturday 26th September 2020.",3,3,431761,47.4,4,2,5,9,0,46.4,77.7,0,13,4,5,1,Fortuna Sittard,62.5,2, Dutch Eredivisie
35.7,1,1,4,11,0,36.7,68.0,0,10,4,5,8,ADO Den Haag,75.0,1,"13,000.","11:15am, Sunday 27th September 2020.",2,4,431766,64.3,6,4,10,10,0,63.3,81.0,0,24,6,12,3,Feyenoord,66.7,2, Dutch Eredivisie
57.9,3,1,5,10,1,49.8,77.4,2,13,8,2,7,VVV-Venlo,57.9,1,"6,500.","7:00pm, Saturday 26th September 2020.",0,1,431763,42.1,1,0,8,13,1,50.2,81.7,0,16,7,8,2,Heerenveen,38.5,1, Dutch Eredivisie
40.7,2,0,2,14,0,40.1,77.1,1,10,5,3,4,Heerenveen,66.7,0,,"7:00pm, Friday 2nd October 2020.",1,1,431768,59.3,18,1,16,7,3,59.9,85.0,0,38,14,6,2,FC Utrecht,61.1,1, Dutch Eredivisie
43.8,1,0,4,9,0,32.7,72.0,0,3,2,0,4,Heracles Almelo,50.0,1,,"3:30pm, Saturday 3rd October 2020.",0,3,431772,56.3,3,5,7,9,0,67.3,84.7,0,15,5,7,0,Vitesse Arnhem,72.7,2, Dutch Eredivisie
62.2,4,0,2,11,1,56.8,73.0,0,9,3,2,1,PSV Eindhoven,100.0,2,"3,083.","3:45pm, Sunday 27th September 2020.",1,1,431767,37.8,3,0,4,16,5,43.2,68.5,0,9,4,2,1,Heracles Almelo,69.2,4, Dutch Eredivisie
51.9,6,2,9,13,3,44.6,67.7,0,16,4,6,3,Preston North End,63.2,2,"1,000.","3:00pm, Saturday 19th September 2020.",2,2,429722,48.1,0,1,4,6,0,55.4,76.3,0,13,8,5,3,Norwich City,63.6,1, Sky Bet Championship
42.2,4,2,7,7,1,45.6,79.1,0,14,8,2,1,Willem II,50.0,1,"2,312.","3:45pm, Sunday 27th September 2020.",1,1,431764,57.8,3,1,3,14,3,54.4,80.5,1,10,5,2,1,Emmen,50.0,1, Dutch Eredivisie
41.7,5,1,7,20,1,48.6,59.2,0,9,0,4,6,Bournemouth,50.0,2,"1,000.","3:00pm, Saturday 19th September 2020.",1,1,429721,58.3,6,1,7,12,5,51.4,61.3,0,18,5,7,3,Middlesbrough,75.0,1, Sky Bet Championship
41.0,4,0,2,13,2,30.6,54.0,1,9,4,1,11,Wycombe Wanderers,58.8,1,,"3:00pm, Saturday 19th September 2020.",0,5,429717,59.0,4,2,12,17,3,69.4,82.1,0,23,3,16,1,Blackburn Rovers,38.5,0, Sky Bet Championship
44.6,2,1,5,12,7,43.4,58.3,0,7,3,2,6,Middlesbrough,76.5,1,,"3:00pm, Saturday 26th September 2020.",1,1,429738,55.4,4,1,7,11,1,56.6,62.7,0,14,3,7,1,Queens Park Rangers,77.8,0, Sky Bet Championship
46.9,3,1,3,9,4,56.4,81.5,0,10,3,4,3,Huddersfield Town,43.8,0,,"3:00pm, Saturday 19th September 2020.",0,3,429718,53.1,6,4,6,13,2,43.6,74.9,0,23,11,6,4,Brentford,37.5,1, Sky Bet Championship
62.5,4,2,2,12,3,42.7,67.0,0,9,1,4,3,Cardiff City,50.0,0,,"12:30pm, Saturday 19th September 2020.",2,0,429723,37.5,2,2,9,8,0,57.3,75.4,0,13,8,3,2,Nottingham Forest,78.3,0, Sky Bet Championship
55.0,6,1,4,19,1,54.5,80.5,0,14,4,4,6,Nottingham Forest,75.0,4,,"7:45pm, Friday 25th September 2020.",0,1,429735,45.0,3,3,3,12,2,45.5,81.6,0,15,5,7,4,Huddersfield Town,83.3,2, Sky Bet Championship
54.0,0,1,3,9,0,47.5,75.1,0,6,1,5,3,Reading,65.0,1,,"3:00pm, Saturday 26th September 2020.",2,1,429733,46.0,2,0,6,15,2,52.5,75.6,0,12,5,5,3,Cardiff City,76.2,2, Sky Bet Championship
44.3,2,3,7,16,2,64.1,78.2,0,15,9,4,4,Stoke City,50.0,3,,"3:00pm, Saturday 26th September 2020.",1,0,429737,55.7,4,0,7,14,3,35.9,63.0,1,14,6,4,3,Preston North End,50.0,1, Sky Bet Championship
50.0,1,2,4,9,1,48.6,77.5,0,10,5,4,0,Bristol City,86.7,1,,"2:00pm, Sunday 20th September 2020.",2,0,429727,50.0,6,0,7,14,0,51.4,78.8,0,8,2,0,2,Stoke City,54.5,1, Sky Bet Championship
45.5,0,1,1,15,2,50.5,74.5,0,4,4,0,4,Luton Town,60.0,2,,"12:30pm, Saturday 26th September 2020.",0,1,429739,54.5,5,1,11,12,1,49.5,73.7,0,14,4,5,0,Watford,68.8,0, Sky Bet Championship
34.8,2,0,6,17,1,43.0,55.4,0,9,4,3,4,Rotherham United,62.5,1,,"3:00pm, Saturday 26th September 2020.",1,1,429730,65.2,3,1,5,17,3,57.0,64.4,0,13,5,5,1,Birmingham City,57.1,1, Sky Bet Championship
60.9,8,2,4,11,4,37.4,77.5,0,23,5,10,4,Blackburn Rovers,72.7,3,,"3:00pm, Saturday 26th September 2020.",4,0,429734,39.1,5,1,9,14,0,62.6,80.7,0,15,5,5,6,Derby County,56.3,2, Sky Bet Championship
53.6,5,0,7,17,1,51.8,71.6,0,10,5,0,2,Coventry City,60.0,2,,"3:00pm, Saturday 26th September 2020.",0,0,429729,46.4,3,0,5,11,4,48.2,72.7,0,13,8,2,0,Barnsley,57.1,3, Sky Bet Championship
57.4,2,1,5,9,0,53.7,76.5,0,8,5,1,2,Brentford,61.1,1,,"3:00pm, Saturday 26th September 2020.",1,1,429736,42.6,2,1,3,11,0,46.3,73.7,0,9,4,3,0,Millwall,58.3,3, Sky Bet Championship
41.7,1,1,2,18,2,42.3,65.9,0,7,4,2,1,Sheffield Wednesday,46.7,1,,"1:00pm, Sunday 27th September 2020.",0,2,429732,58.3,3,1,6,12,0,57.7,74.0,0,16,10,3,2,Bristol City,66.7,2, Sky Bet Championship
53.3,5,5,7,8,0,63.9,81.8,0,17,6,6,2,Swansea City,40.0,0,,"12:30pm, Saturday 26th September 2020.",2,0,429740,46.7,0,0,5,9,0,36.1,68.5,0,8,6,2,4,Wycombe Wanderers,57.1,2, Sky Bet Championship
53.3,5,1,6,13,2,62.9,87.7,0,19,4,10,1,Bournemouth,80.0,3,,"7:45pm, Friday 2nd October 2020.",3,1,429743,46.7,0,1,1,10,0,37.1,74.5,1,5,3,2,6,Coventry City,50.0,1, Sky Bet Championship
56.7,5,0,8,13,0,63.6,86.5,0,14,4,5,4,Norwich City,40.0,1,,"4:00pm, Sunday 27th September 2020.",0,1,429731,43.3,4,1,3,8,2,36.4,78.5,0,13,4,5,5,Bournemouth,61.5,1, Sky Bet Championship
45.8,5,0,7,12,2,42.2,72.6,0,12,2,5,2,Millwall,28.6,1,,"3:00pm, Saturday 3rd October 2020.",1,2,429752,54.2,6,1,5,6,2,57.8,79.1,0,14,4,4,4,Swansea City,36.4,1, Sky Bet Championship
34.4,4,0,6,19,1,55.9,83.1,0,11,5,2,3,Watford,46.7,3,,"3:00pm, Saturday 3rd October 2020.",0,1,429748,65.6,1,0,1,13,1,44.1,80.5,0,9,4,4,2,Reading,68.0,3, Sky Bet Championship
44.4,3,1,7,13,0,55.9,73.9,0,9,4,2,2,Queens Park Rangers,57.1,1,,"3:00pm, Saturday 3rd October 2020.",1,1,429750,55.6,7,0,5,11,5,44.1,65.6,0,11,2,2,1,Sheffield Wednesday,60.0,2, Sky Bet Championship
38.5,5,1,6,12,4,73.5,79.6,0,11,5,1,1,Huddersfield Town,38.5,1,,"3:00pm, Saturday 3rd October 2020.",1,1,429749,61.5,3,0,2,17,2,26.5,47.8,0,5,0,2,1,Rotherham United,44.4,1, Sky Bet Championship
69.2,3,0,6,15,0,39.2,66.1,1,16,8,5,6,Cardiff City,52.6,2,,"3:00pm, Saturday 3rd October 2020.",0,0,429741,30.8,5,3,5,13,1,60.8,79.6,0,16,5,6,5,Blackburn Rovers,70.0,2, Sky Bet Championship
50.0,0,0,5,9,2,48.6,74.5,0,7,2,5,5,Bristol City,50.0,2,,"3:00pm, Saturday 3rd October 2020.",2,1,429747,50.0,8,0,11,13,0,51.4,76.8,0,21,7,6,3,Nottingham Forest,64.7,0, Sky Bet Championship
57.8,1,0,4,18,2,44.4,59.6,0,5,3,1,3,Wycombe Wanderers,53.8,1,,"3:00pm, Saturday 3rd October 2020.",0,2,429744,42.2,4,4,7,10,5,55.6,71.5,0,16,5,7,2,Luton Town,100.0,1, Sky Bet Championship
38.9,1,5,4,13,0,54.8,79.3,0,10,3,6,7,Rennes,84.6,6,"3,467.","2:00pm, Sunday 13th September 2020.",4,2,431386,61.1,3,1,8,17,1,45.2,79.4,0,17,5,9,2,Nimes,66.7,2, French Ligue 1
34.6,1,2,4,11,1,42.4,80.0,0,7,4,2,3,Nantes,81.3,1,"2,864.","4:00pm, Sunday 13th September 2020.",1,2,431385,65.4,3,4,9,14,3,57.6,85.4,0,18,10,5,1,Monaco,59.3,3, French Ligue 1
53.2,4,1,3,11,2,61.1,72.1,0,13,8,1,5,Barnsley,64.3,2,,"3:00pm, Saturday 3rd October 2020.",1,2,429745,46.8,3,1,4,17,3,38.9,61.3,0,13,4,6,0,Middlesbrough,53.8,6, Sky Bet Championship
59.4,4,3,7,16,2,50.4,84.0,0,19,10,5,3,Brest,66.7,0,"4,340.","2:00pm, Sunday 13th September 2020.",2,0,431382,40.6,2,0,5,16,1,49.6,83.8,1,7,2,3,3,Dijon,75.0,2, French Ligue 1
55.3,1,3,2,16,0,53.7,79.6,1,12,5,6,1,RC Lens,93.3,1,"4,968.","2:00pm, Sunday 13th September 2020.",3,2,431384,44.7,1,0,4,20,0,46.3,72.3,0,6,2,3,3,Lorient,33.3,4, French Ligue 1
100.0,4,1,3,9,2,52.2,87.8,0,8,2,2,1,M'gladbach,68.8,1,"9,300.","5:30pm, Saturday 19th September 2020.",0,3,427447,0.0,3,1,1,10,2,47.8,87.2,0,10,3,4,2,Borussia Dortmund,50.0,1, German Bundesliga
38.9,1,3,2,16,3,35.8,70.2,0,7,0,6,4,SC Freiburg,61.9,2,,"2:30pm, Saturday 19th September 2020.",3,2,427452,61.1,9,2,7,12,0,64.2,82.4,0,26,10,7,2,Stuttgart,82.4,2, German Bundesliga
59.5,1,5,4,17,0,55.1,79.1,0,13,6,6,5,Hertha Berlin,50.0,0,"8,400.","2:30pm, Saturday 19th September 2020.",4,1,427451,40.5,3,0,7,12,0,44.9,69.5,0,16,7,6,2,Werder Bremen,66.7,2, German Bundesliga
59.6,3,2,1,9,1,41.4,74.1,0,9,1,5,2,FC Augsburg,68.8,0,"4,600.","2:30pm, Saturday 19th September 2020.",3,1,427446,40.4,6,2,8,9,4,58.6,81.2,0,15,6,3,2,1. FC Union Berlin,58.8,2, German Bundesliga
60.0,2,0,4,12,3,59.4,81.4,0,7,2,3,1,Bayer Leverkusen,42.9,2,500.,"5:00pm, Sunday 20th September 2020.",0,0,427453,40.0,4,2,4,14,3,40.6,74.4,0,9,4,1,3,Wolfsburg,60.7,1, German Bundesliga
48.5,3,1,3,13,1,37.8,69.8,0,12,5,4,5,Arminia Bielefeld,65.0,2,"6,500.","2:30pm, Saturday 19th September 2020.",1,1,427448,51.5,6,3,14,14,2,62.2,79.7,0,18,6,6,3,Eintracht Frankfurt,63.2,2, German Bundesliga
44.4,4,2,5,11,3,27.5,72.4,0,9,4,1,6,Mainz,50.0,2,,"2:30pm, Sunday 20th September 2020.",1,3,427450,55.6,3,3,7,5,1,72.5,89.1,0,23,10,10,0,RB Leipzig,71.4,1, German Bundesliga
46.8,4,2,3,14,3,34.6,51.8,0,17,6,7,3,Werder Bremen,61.9,2,,"5:30pm, Saturday 26th September 2020.",3,1,427459,53.2,10,2,8,20,2,65.4,75.5,1,18,4,4,4,Schalke,70.0,5, German Bundesliga
63.9,1,0,3,16,0,44.2,75.8,0,11,7,3,6,Eintracht Frankfurt,63.2,4,"4,000.","7:30pm, Friday 25th September 2020.",3,1,427460,36.1,2,2,4,13,1,55.8,83.4,0,12,4,6,0,Hertha Berlin,33.3,3, German Bundesliga
48.6,0,1,1,10,0,40.6,70.5,0,7,5,2,3,RB Leipzig,91.7,3,"6,042.","2:30pm, Saturday 26th September 2020.",1,1,427455,51.4,1,1,4,16,6,59.4,83.0,0,11,6,4,1,Bayer Leverkusen,52.4,1, German Bundesliga
41.9,6,0,7,16,0,53.0,79.7,0,12,4,2,1,Cologne,60.9,3,"5,460.","2:30pm, Saturday 26th September 2020.",0,1,427457,58.1,2,0,4,12,1,47.0,83.4,0,7,3,2,2,Arminia Bielefeld,70.6,3, German Bundesliga
45.0,5,2,11,8,0,79.8,91.2,0,18,7,6,2,Borussia Dortmund,33.3,4,"6,000.","2:30pm, Saturday 26th September 2020.",0,2,427458,55.0,0,2,3,7,3,20.2,65.2,0,6,2,4,6,FC Augsburg,71.4,3, German Bundesliga
60.0,2,3,9,17,0,51.0,80.0,1,15,6,7,1,Stuttgart,58.8,2,"3,403.","2:30pm, Saturday 26th September 2020.",4,1,427454,40.0,5,1,3,9,1,49.0,79.5,1,12,5,2,3,Mainz,57.1,0, German Bundesliga
42.9,1,2,6,13,2,50.3,77.8,0,13,5,7,4,Hoffenheim,76.9,4,,"2:30pm, Saturday 19th September 2020.",3,2,427445,57.1,1,2,1,11,0,49.7,79.9,0,13,6,6,4,Cologne,66.7,3, German Bundesliga
33.3,4,0,5,16,0,37.6,72.6,0,14,8,2,5,1. FC Union Berlin,70.0,2,"10,383.","2:30pm, Saturday 26th September 2020.",1,1,427456,66.7,5,2,7,11,4,62.4,84.2,0,14,3,6,1,M'gladbach,50.0,1, German Bundesliga
46.7,1,0,1,13,0,46.8,76.9,0,8,5,2,6,Wolfsburg,58.3,3,"3,200.","5:00pm, Sunday 27th September 2020.",1,1,427461,53.3,6,0,9,11,3,53.2,78.7,0,19,6,7,1,SC Freiburg,52.9,0, German Bundesliga
51.4,3,0,2,11,1,49.5,77.8,0,5,2,0,3,Mainz,52.9,4,"4,400.","7:30pm, Friday 2nd October 2020.",0,4,427464,48.6,1,4,4,13,2,50.5,79.3,0,11,3,7,0,1. FC Union Berlin,40.9,1, German Bundesliga
61.1,4,2,6,10,5,71.6,85.0,0,16,9,3,4,Bayern Munich,57.1,2,"6,030.","2:30pm, Sunday 27th September 2020.",1,4,427462,38.9,5,1,3,15,1,28.4,62.3,0,17,4,8,2,Hoffenheim,61.9,3, German Bundesliga
53.1,1,2,1,16,2,63.3,83.1,0,10,4,5,1,Arminia Bielefeld,61.5,2,,"2:30pm, Saturday 3rd October 2020.",0,1,427469,46.9,1,0,2,12,6,36.7,71.3,0,7,4,2,5,Werder Bremen,57.1,2, German Bundesliga
33.3,4,0,7,8,1,48.8,77.8,0,12,4,4,5,Hoffenheim,54.5,3,"8,000.","2:30pm, Saturday 3rd October 2020.",1,2,427466,66.7,2,4,5,12,9,51.2,77.8,0,16,6,8,3,Eintracht Frankfurt,50.0,2, German Bundesliga
54.5,3,3,10,12,2,59.7,84.1,0,15,1,11,1,M'gladbach,81.3,3,300.,"2:30pm, Saturday 3rd October 2020.",3,1,427463,45.5,3,0,4,16,0,40.3,74.3,0,8,3,2,7,Cologne,72.2,3, German Bundesliga
53.1,0,0,2,12,0,42.4,81.0,1,7,5,2,6,Reims,40.0,2,"5,348.","2:00pm, Sunday 13th September 2020.",0,1,431381,46.9,3,1,1,12,2,57.6,87.9,1,20,10,7,2,Angers,50.0,2, French Ligue 1
32.1,2,3,12,17,1,52.3,80.5,0,15,7,6,1,Bayer Leverkusen,50.0,2,"9,500.","2:30pm, Saturday 3rd October 2020.",1,1,427470,67.9,1,2,8,8,1,47.7,77.2,0,12,8,3,5,Stuttgart,60.0,3, German Bundesliga
51.0,1,1,3,14,2,38.2,74.1,0,5,3,1,5,Metz,52.2,4,"4,162.","12:00pm, Sunday 13th September 2020.",0,1,431383,49.0,4,2,8,12,1,61.8,83.2,0,16,6,6,1,Lille,40.9,4, French Ligue 1
53.1,3,2,2,6,3,28.2,67.7,0,7,3,1,7,Metz,37.5,2,,"8:00pm, Wednesday 16th September 2020.",0,1,431389,46.9,2,3,8,8,1,71.8,87.3,1,20,10,8,1,Paris Saint-Germain,66.7,1, French Ligue 1
60.0,5,1,6,15,4,40.2,77.6,0,12,2,5,2,St Etienne,65.0,2,990.,"8:00pm, Thursday 17th September 2020.",2,0,431390,40.0,3,6,7,13,3,59.8,82.3,0,13,8,2,3,Marseille,68.8,2, French Ligue 1
47.5,6,2,11,13,0,55.7,84.8,1,19,6,7,1,Lyon,52.9,2,,"8:00pm, Tuesday 15th September 2020.",1,2,431388,52.5,3,1,4,13,2,44.3,80.8,1,10,4,3,6,Montpellier,50.0,3, French Ligue 1
45.0,3,0,3,12,0,26.1,62.9,0,10,4,3,3,Nimes,55.2,2,,"8:00pm, Friday 18th September 2020.",0,0,431391,55.0,8,1,9,18,0,73.9,87.0,0,16,5,3,4,Lyon,80.0,3, French Ligue 1
57.6,6,1,10,12,3,41.7,81.1,0,14,6,2,1,Monaco,75.0,2,"4,986.","8:00pm, Saturday 19th September 2020.",1,2,431393,42.4,5,1,9,11,0,58.3,88.2,0,15,7,3,1,Rennes,40.0,1, French Ligue 1
40.0,1,1,2,16,1,42.4,80.9,0,6,3,2,5,Dijon,54.5,1,,"2:00pm, Sunday 20th September 2020.",0,1,431400,60.0,3,4,8,10,2,57.6,84.3,0,17,7,7,2,Strasbourg,75.0,1, French Ligue 1
57.1,0,1,0,15,1,40.7,79.2,1,7,4,3,3,Bordeaux,46.7,3,"4,871.","4:00pm, Saturday 19th September 2020.",1,2,431392,42.9,6,3,7,15,1,59.3,85.2,0,19,8,5,2,RC Lens,78.6,5, French Ligue 1
35.1,1,2,2,17,0,43.8,72.3,0,6,1,4,1,St Etienne,68.2,2,"5,000.","4:00pm, Sunday 20th September 2020.",2,2,431398,64.9,2,1,4,12,3,56.2,83.0,0,15,10,3,1,Nantes,40.0,2, French Ligue 1
45.2,3,0,5,7,0,40.5,73.3,1,10,3,4,2,Reims,47.1,4,"5,000.","2:00pm, Sunday 20th September 2020.",1,2,431396,54.8,3,3,8,14,1,59.5,82.9,0,14,7,4,3,Metz,57.1,1, French Ligue 1
51.9,1,2,4,18,5,43.3,76.7,0,14,6,7,1,Lille,60.0,3,,"8:00pm, Sunday 20th September 2020.",1,1,431395,48.1,3,1,5,12,0,56.7,77.2,0,11,6,2,6,Marseille,72.2,3, French Ligue 1
55.6,2,0,3,10,3,33.0,78.4,0,5,2,1,3,Motherwell,50.0,2,,"3:00pm, Sunday 30th August 2020.",0,3,425595,44.4,3,2,7,11,1,67.0,90.3,0,17,8,6,1,Celtic,66.7,1, Scottish Premiership
39.3,4,0,3,5,0,49.4,86.3,0,14,7,3,6,Angers,57.7,3,"3,538.","2:00pm, Sunday 20th September 2020.",1,4,431397,60.7,2,4,6,14,0,50.6,86.7,0,14,3,9,2,Montpellier,78.6,4, French Ligue 1
22.9,1,4,6,13,1,42.9,73.7,0,10,5,4,3,Lorient,63.2,1,"4,553.","2:00pm, Sunday 20th September 2020.",2,3,431394,77.1,4,1,4,20,2,57.1,83.7,0,14,4,6,3,Brest,61.1,2, French Ligue 1
20.0,2,8,7,10,1,64.6,90.8,0,21,12,7,3,Paris Saint-Germain,71.4,2,,"8:00pm, Sunday 27th September 2020.",2,0,431409,80.0,1,0,3,11,1,35.4,84.6,0,8,4,3,5,Reims,54.5,2, French Ligue 1
32.4,6,2,5,11,4,39.4,77.2,0,14,5,3,2,Metz,27.3,2,500.,"8:00pm, Saturday 26th September 2020.",1,1,431406,67.6,3,0,5,15,2,60.6,84.5,0,17,11,3,3,Marseille,52.2,0, French Ligue 1
43.5,3,1,5,7,0,68.7,91.2,0,19,10,6,1,Lyon,60.0,0,,"4:00pm, Sunday 27th September 2020.",1,1,431405,56.5,1,0,1,19,1,31.3,71.7,0,4,1,2,5,Lorient,65.4,2, French Ligue 1
40.0,5,2,7,9,2,50.0,92.2,0,14,3,6,5,Paris Saint-Germain,57.1,2,,"12:00pm, Sunday 20th September 2020.",3,0,431399,60.0,4,1,4,9,0,50.0,91.1,0,14,5,5,3,Nice,37.5,1, French Ligue 1
44.0,3,3,4,12,0,52.1,85.7,0,10,1,6,4,Rennes,47.6,1,,"4:00pm, Saturday 26th September 2020.",3,0,431410,56.0,0,0,6,11,5,47.9,83.1,0,6,2,4,3,St Etienne,59.1,1, French Ligue 1
52.0,2,1,2,12,5,42.8,79.3,0,9,2,5,2,Strasbourg,69.2,1,,"2:00pm, Sunday 27th September 2020.",2,3,431407,48.0,3,3,6,11,3,57.2,81.8,2,11,3,5,3,Monaco,55.6,1, French Ligue 1
55.8,4,1,7,16,1,49.7,74.6,0,15,6,5,3,RC Lens,66.7,3,,"2:00pm, Sunday 27th September 2020.",1,1,431408,44.2,5,0,5,10,2,50.3,71.8,0,13,4,4,4,Nimes,27.8,0, French Ligue 1
40.5,3,2,13,11,2,61.0,80.6,0,14,6,5,3,Montpellier,80.0,1,,"2:00pm, Sunday 27th September 2020.",2,2,431403,59.5,8,1,6,15,2,39.0,72.0,0,15,2,5,2,Dijon,47.6,4, French Ligue 1
52.9,5,0,7,12,1,45.7,75.7,0,12,1,6,3,Nantes,47.4,2,,"8:00pm, Friday 25th September 2020.",0,2,431404,47.1,5,1,4,16,3,54.3,79.5,0,12,3,4,6,Lille,61.5,0, French Ligue 1
32.1,3,0,2,12,0,33.8,82.2,0,6,1,2,3,SC Freiburg,50.0,1,"11,500.","2:30pm, Saturday 3rd October 2020.",0,4,427465,67.9,2,3,3,8,1,66.2,89.4,0,16,7,7,2,Borussia Dortmund,71.4,1, German Bundesliga
63.4,2,3,1,21,1,47.6,77.1,0,14,6,6,1,Brest,65.5,2,,"2:00pm, Sunday 27th September 2020.",2,3,431401,36.6,3,1,6,17,5,52.4,80.6,0,12,4,5,4,Angers,81.3,3, French Ligue 1
50.0,2,1,7,15,0,54.0,86.8,0,13,9,2,5,Nice,55.6,1,,"12:00pm, Sunday 27th September 2020.",0,0,431402,50.0,6,0,7,9,1,46.0,86.1,0,18,7,5,2,Bordeaux,64.7,1, French Ligue 1
55.0,0,1,3,18,2,32.4,82.1,0,8,4,4,8,Cagliari,52.9,3,,"5:00pm, Sunday 20th September 2020.",1,1,434331,45.0,11,2,7,9,2,67.6,91.4,0,33,13,9,3,Sassuolo,68.4,1, Italian Serie A
45.5,1,3,2,9,0,42.9,87.4,0,8,5,2,6,Angers,52.6,2,,"8:00pm, Friday 2nd October 2020.",1,6,431418,54.5,4,4,6,11,2,57.1,91.7,0,18,2,12,1,Paris Saint-Germain,71.4,1, French Ligue 1
35.7,8,0,4,20,1,41.8,84.4,1,13,1,4,3,Bologna,73.7,3,,"7:45pm, Monday 21st September 2020.",0,2,434329,64.3,5,1,7,13,5,58.2,86.4,0,17,7,5,4,AC Milan,57.1,3, Italian Serie A
50.0,5,0,2,12,1,60.9,89.2,0,17,6,6,2,Napoli,73.7,1,,"11:30am, Sunday 20th September 2020.",2,0,434330,50.0,2,0,4,16,2,39.1,85.0,0,6,2,2,4,Parma,47.1,4, Italian Serie A
64.7,1,2,4,14,0,51.6,85.7,0,13,9,3,2,Crotone,80.0,2,,"2:00pm, Sunday 20th September 2020.",1,4,434326,35.3,5,5,6,13,7,48.4,86.3,0,14,3,6,2,Genoa,68.4,4, Italian Serie A
38.9,1,2,7,9,4,59.7,88.4,1,8,4,3,3,Juventus,61.5,1,,"7:45pm, Sunday 27th September 2020.",2,2,434339,61.1,3,4,5,19,0,40.3,84.9,0,11,3,5,1,Roma,61.1,2, Italian Serie A
36.0,1,4,1,11,0,33.4,77.1,0,10,5,4,5,Fiorentina,54.5,1,,"7:45pm, Saturday 26th September 2020.",3,4,434337,64.0,6,3,5,14,2,66.6,89.9,0,21,7,8,1,Inter Milan,42.1,1, Italian Serie A
50.0,6,1,6,13,2,55.3,84.6,0,16,4,6,2,Lazio,46.2,1,,"5:00pm, Saturday 26th September 2020.",2,0,434335,50.0,1,0,3,8,2,44.7,82.5,0,9,6,2,4,Cagliari,50.0,1, Italian Serie A
51.7,6,1,9,12,0,53.3,73.8,0,22,11,5,1,Udinese,76.9,0,,"2:00pm, Sunday 27th September 2020.",0,1,434343,48.3,1,2,1,13,1,46.7,68.8,0,14,11,2,5,Verona,50.0,1, Italian Serie A
27.3,4,0,2,13,2,42.9,88.2,0,6,2,0,3,Genoa,60.0,2,,"5:00pm, Sunday 27th September 2020.",0,6,434338,72.7,0,4,4,6,0,57.1,92.6,0,18,9,9,0,Napoli,62.5,1, Italian Serie A
63.6,4,4,7,12,2,55.4,84.9,0,18,7,7,2,Atalanta,58.3,2,,"2:00pm, Saturday 26th September 2020.",4,2,434342,36.4,2,2,2,11,2,44.6,79.0,0,7,1,4,3,Torino,53.3,1, Italian Serie A
52.9,3,1,4,12,1,59.5,81.7,0,14,6,5,1,Benevento,70.0,1,,"5:00pm, Saturday 26th September 2020.",3,2,434340,47.1,2,2,6,17,4,40.5,70.2,0,9,4,3,2,Sampdoria,66.7,3, Italian Serie A
48.1,4,0,5,15,3,52.7,81.7,0,16,6,6,0,AC Milan,52.2,3,,"5:00pm, Sunday 27th September 2020.",2,0,434336,51.9,0,0,2,14,3,47.3,80.9,0,5,5,0,4,Crotone,60.0,1, Italian Serie A
62.5,1,2,9,9,0,41.9,78.8,1,9,5,3,4,Parma,60.0,2,,"7:45pm, Monday 28th September 2020.",1,4,434334,37.5,1,3,8,12,2,58.1,86.8,0,12,3,8,2,Bologna,75.0,1, Italian Serie A
47.6,0,2,2,17,3,51.7,83.4,1,4,2,2,3,Spezia,62.5,3,,"5:00pm, Wednesday 30th September 2020.",2,0,434332,52.4,4,2,2,13,6,48.3,83.0,0,13,6,3,0,Udinese,55.6,0, Italian Serie A
45.5,7,2,5,8,4,65.6,89.9,0,17,4,6,4,Sassuolo,40.0,1,,"11:30am, Sunday 27th September 2020.",4,1,434341,54.5,2,2,3,13,0,34.4,79.4,0,12,5,5,2,Spezia,63.6,2, Italian Serie A
53.3,2,4,1,15,3,66.1,90.8,0,18,8,8,3,Inter Milan,85.7,0,,"5:00pm, Wednesday 30th September 2020.",5,2,434324,46.7,0,2,5,10,1,33.9,79.4,0,11,6,5,3,Benevento,58.3,1, Italian Serie A
55.2,3,2,3,11,0,39.4,75.4,0,10,1,6,4,Atalanta,36.4,2,,"7:45pm, Wednesday 30th September 2020.",4,1,434328,44.8,3,2,7,16,0,60.6,82.1,0,14,5,6,2,Lazio,66.7,7, Italian Serie A
51.6,5,3,4,16,1,35.2,70.5,0,18,5,8,4,Sampdoria,56.5,3,,"7:45pm, Friday 2nd October 2020.",2,1,434346,48.4,4,3,8,11,0,64.8,83.8,0,22,13,5,6,Fiorentina,50.0,0, Italian Serie A
46.7,3,1,3,12,2,54.4,89.8,0,13,4,6,2,Arsenal,41.7,2,,"12:30pm, Saturday 12th September 2020.",3,0,428839,53.3,1,0,2,12,2,45.6,88.1,0,5,2,2,2,Fulham,63.6,2, Premier League
58.8,4,0,4,15,3,45.4,79.4,0,15,5,6,0,Crotone,52.9,3,,"2:00pm, Saturday 3rd October 2020.",1,4,434352,41.2,1,1,3,15,2,54.6,82.5,0,7,2,4,5,Sassuolo,70.0,2, Italian Serie A
47.5,2,1,5,7,0,44.9,78.5,0,11,5,4,1,Wolverhampton Wanderers,57.1,1,,"6:00pm, Monday 14th September 2020.",2,0,428846,52.5,2,1,12,13,4,55.1,81.1,0,9,5,2,2,Sheffield United,56.3,2, Premier League
52.6,3,2,3,18,0,49.7,80.8,0,14,5,6,3,Fulham,61.1,2,,"3:00pm, Saturday 19th September 2020.",3,4,428851,47.4,1,0,5,13,3,50.3,75.9,0,10,2,7,3,Leeds United,77.3,1, Premier League
54.2,2,2,6,8,3,65.2,87.0,0,14,3,9,0,Manchester City,40.9,3,,"8:15pm, Monday 21st September 2020.",3,1,428856,45.8,4,1,4,7,2,34.8,76.7,0,10,5,1,6,Wolverhampton Wanderers,48.0,0, Premier League
53.8,1,0,1,11,1,28.7,78.6,1,6,1,4,2,West Bromwich Albion,33.3,0,,"12:30pm, Saturday 19th September 2020.",2,5,428850,46.2,5,2,11,9,1,71.3,90.4,0,17,5,7,2,Everton,61.9,1, Premier League
62.5,3,2,4,13,1,32.2,68.2,0,16,8,5,3,Burnley,50.0,2,,"7:00pm, Sunday 20th September 2020.",2,4,428852,37.5,6,0,15,11,0,67.8,84.7,0,14,2,6,3,Leicester City,46.2,1, Premier League
45.5,4,1,3,7,1,48.4,85.1,0,15,7,4,5,Everton,47.4,0,,"4:30pm, Sunday 13th September 2020.",1,0,428842,54.5,3,2,5,15,0,51.6,85.1,0,9,1,5,3,Tottenham Hotspur,44.4,1, Premier League
56.5,3,0,3,13,3,47.7,83.2,0,10,2,5,2,Chelsea,56.3,0,,"8:15pm, Monday 14th September 2020.",3,1,428845,43.5,4,2,4,8,0,52.3,81.7,0,13,6,3,2,Brighton and Hove Albion,64.7,1, Premier League
41.7,1,1,1,15,2,52.8,80.6,1,13,6,6,0,Brighton and Hove Albion,37.5,0,,"2:00pm, Sunday 20th September 2020.",3,0,428854,58.3,2,1,7,16,1,47.2,76.7,0,6,4,0,4,Newcastle United,50.0,3, Premier League
21.4,3,1,11,6,1,61.3,89.1,0,18,9,6,3,Liverpool,50.0,0,,"4:30pm, Sunday 20th September 2020.",2,0,428849,78.6,0,0,1,10,1,38.7,84.4,1,5,2,3,3,Chelsea,52.9,0, Premier League
48.5,5,2,5,13,2,37.4,82.0,0,14,6,3,1,West Ham United,50.0,1,,"8:00pm, Saturday 19th September 2020.",1,2,428847,51.5,3,2,7,11,5,62.6,86.2,0,7,1,3,2,Arsenal,62.5,0, Premier League
59.3,3,1,3,10,2,24.2,61.3,0,14,6,5,3,Crystal Palace,50.0,1,,"5:30pm, Saturday 19th September 2020.",3,1,428853,40.7,9,1,9,13,1,75.8,86.2,0,17,4,4,2,Manchester United,64.3,2, Premier League
58.3,2,2,6,15,0,57.7,82.6,0,10,3,5,0,Everton,50.0,1,,"3:00pm, Saturday 26th September 2020.",2,1,428859,41.7,5,1,7,16,1,42.3,75.9,0,8,2,1,3,Crystal Palace,46.2,3, Premier League
66.0,2,3,2,18,6,47.5,72.3,0,9,1,6,5,Tottenham Hotspur,37.5,3,,"12:00pm, Sunday 20th September 2020.",5,2,428855,34.0,2,0,3,17,2,52.5,77.0,0,14,5,7,1,Southampton,75.0,4, Premier League
58.6,6,2,9,16,0,75.9,89.2,0,22,6,10,0,Chelsea,75.0,3,,"5:30pm, Saturday 26th September 2020.",3,3,428865,41.4,2,1,3,8,1,24.1,67.5,0,9,4,3,7,West Bromwich Albion,44.4,1, Premier League
50.0,2,1,2,10,1,46.6,71.0,0,5,2,1,2,Southampton,66.7,0,,"8:00pm, Saturday 26th September 2020.",1,0,428858,50.0,4,0,8,8,2,53.4,71.6,0,10,4,2,0,Burnley,40.0,1, Premier League
40.7,1,0,4,13,0,28.1,59.3,1,4,2,1,1,Sheffield United,66.7,1,,"6:00pm, Monday 21st September 2020.",0,1,428848,59.3,5,0,10,12,1,71.9,87.9,0,18,11,2,1,Aston Villa,80.0,3, Premier League
52.4,3,1,1,16,4,46.7,83.6,0,7,1,3,3,Manchester United,66.7,2,,"12:30pm, Saturday 26th September 2020.",3,2,428857,47.6,4,4,7,18,1,53.3,84.6,0,18,9,5,1,Brighton and Hove Albion,58.3,4, Premier League
57.8,7,4,3,12,2,70.0,86.2,0,24,11,6,2,Rangers,55.6,2,,"5:30pm, Saturday 29th August 2020.",2,0,425596,42.2,2,0,6,11,2,30.0,65.4,1,5,1,2,4,Hamilton Academical,71.4,1, Scottish Premiership
51.7,3,1,4,14,1,53.6,73.2,0,10,4,3,1,Hibernian,69.2,2,,"4:30pm, Sunday 23rd August 2020.",1,0,425594,48.3,3,0,5,16,1,46.4,65.9,1,11,7,1,2,St. Johnstone,63.6,2, Scottish Premiership
44.8,6,1,3,16,0,56.1,71.7,0,10,2,2,3,Livingston,61.9,2,,"3:00pm, Sunday 23rd August 2020.",1,2,425589,55.2,1,3,1,11,1,43.9,67.2,0,7,1,5,1,Aberdeen,53.8,0, Scottish Premiership
58.8,1,0,5,16,4,36.3,63.5,1,4,2,1,2,Ross County,66.7,3,,"3:00pm, Saturday 29th August 2020.",0,1,425598,41.2,2,2,14,15,4,63.7,77.5,0,9,4,3,1,Livingston,53.8,1, Scottish Premiership
58.1,9,0,10,12,1,67.3,81.6,0,19,9,1,5,Dundee United,64.3,1,,"3:00pm, Saturday 29th August 2020.",0,4,425597,41.9,2,1,2,13,5,32.7,69.1,0,15,4,9,1,Kilmarnock,29.4,3, Scottish Premiership
40.5,2,0,2,12,0,51.8,68.4,0,5,1,2,5,St Mirren,58.3,1,,"3:00pm, Saturday 29th August 2020.",0,1,425599,59.5,4,4,11,7,2,48.2,65.3,0,21,11,6,2,St. Johnstone,57.7,0, Scottish Premiership
53.7,5,0,3,11,2,63.1,86.7,0,11,4,2,4,Wolverhampton Wanderers,58.8,1,,"7:00pm, Sunday 27th September 2020.",0,4,428866,46.3,1,1,1,7,3,36.9,76.3,0,15,7,7,3,West Ham United,54.2,0, Premier League
52.1,3,2,7,4,1,63.7,81.3,0,17,5,9,4,Leeds United,53.8,1,,"12:00pm, Sunday 27th September 2020.",1,0,428863,47.9,5,2,5,18,2,36.3,70.9,0,14,5,4,7,Sheffield United,47.8,2, Premier League
25.0,5,0,10,14,2,56.7,85.5,0,11,3,3,2,Brighton and Hove Albion,68.4,1,,"3:00pm, Saturday 3rd October 2020.",2,4,428870,75.0,3,4,3,13,0,43.3,85.0,0,11,2,6,1,Everton,72.2,0, Premier League
37.5,2,0,5,13,0,29.0,74.1,0,4,2,0,2,Crystal Palace,80.0,0,,"12:30pm, Saturday 3rd October 2020.",0,4,428869,62.5,5,1,8,17,1,71.0,90.0,0,17,6,6,0,Chelsea,35.7,2, Premier League
55.6,2,1,1,11,2,28.3,57.5,0,7,2,3,3,Livingston,50.0,1,,"3:00pm, Saturday 19th September 2020.",2,3,425608,44.4,5,2,3,8,2,71.7,86.5,0,17,6,6,1,Celtic,57.1,1, Scottish Premiership
52.9,4,1,4,13,1,41.9,61.6,1,16,8,4,6,St Mirren,50.0,1,,"3:00pm, Saturday 19th September 2020.",1,2,425609,47.1,2,3,8,11,3,58.1,72.8,0,17,7,8,3,Dundee United,79.2,3, Scottish Premiership
55.0,5,0,8,12,1,55.8,79.5,0,15,6,4,6,Hamilton Academical,53.8,3,,"3:00pm, Saturday 19th September 2020.",1,2,425611,45.0,6,1,6,10,3,44.2,69.8,1,17,3,8,3,Kilmarnock,78.6,1, Scottish Premiership
60.9,1,0,3,18,0,45.4,67.3,0,5,2,2,1,Ross County,57.1,3,,"3:00pm, Saturday 19th September 2020.",1,0,425612,39.1,5,0,9,15,2,54.6,68.9,0,11,5,1,1,St. Johnstone,62.5,2, Scottish Premiership
54.1,4,1,5,15,4,34.0,61.7,0,9,2,3,0,Motherwell,86.7,0,,"3:00pm, Sunday 20th September 2020.",3,0,425607,45.9,3,1,4,13,1,66.0,79.4,0,9,6,0,0,Aberdeen,40.0,3, Scottish Premiership
58.5,3,0,4,9,1,34.2,77.4,0,6,2,1,11,Newcastle United,68.8,4,,"2:00pm, Sunday 27th September 2020.",1,1,428864,41.5,4,3,10,15,0,65.8,88.1,0,23,7,12,0,Tottenham Hotspur,60.0,1, Premier League
61.7,4,1,4,18,1,47.0,72.8,0,14,3,7,2,Aberdeen,80.0,1,,"4:30pm, Sunday 30th August 2020.",1,0,425600,38.3,3,1,6,11,5,53.0,73.6,0,8,3,2,6,Hibernian,45.5,0, Scottish Premiership
60.0,0,1,4,8,3,28.3,74.9,0,7,0,7,3,Leicester City,39.1,3,,"4:30pm, Sunday 27th September 2020.",5,2,428862,40.0,4,2,3,13,2,71.7,90.3,0,16,7,5,2,Manchester City,58.3,1, Premier League
51.3,3,4,3,14,3,35.0,70.5,0,12,4,5,2,Aston Villa,69.6,3,,"5:45pm, Monday 28th September 2020.",3,0,428860,48.7,4,0,5,18,0,65.0,85.7,0,16,9,3,2,Fulham,44.4,6, Premier League
66.7,0,2,3,7,5,34.0,75.7,0,4,1,3,5,Arsenal,54.5,2,,"8:00pm, Monday 28th September 2020.",1,3,428861,33.3,6,3,7,11,0,66.0,88.5,0,21,7,8,2,Liverpool,60.0,2, Premier League
44.4,8,5,5,14,2,69.2,86.2,0,19,4,7,3,Rangers,66.7,1,,"12:00pm, Sunday 20th September 2020.",2,2,425610,55.6,1,1,6,17,2,30.8,67.4,0,7,1,5,5,Hibernian,66.7,4, Scottish Premiership
58.8,1,1,6,12,2,56.0,75.3,0,5,1,3,0,Kilmarnock,62.5,0,,"3:00pm, Saturday 26th September 2020.",1,0,425618,41.2,1,0,5,16,1,44.0,68.1,0,6,5,0,2,St Mirren,42.9,5, Scottish Premiership
51.6,7,1,6,14,3,54.1,84.9,0,18,3,8,0,Aberdeen,64.3,0,,"3:00pm, Sunday 27th September 2020.",3,0,425617,48.4,5,0,2,16,2,45.9,77.6,1,8,3,0,5,Ross County,66.7,2, Scottish Premiership
65.9,2,1,7,11,1,49.7,60.3,0,13,9,2,0,St. Johnstone,64.3,0,,"3:00pm, Saturday 26th September 2020.",0,2,425615,34.1,3,0,8,18,2,50.3,59.5,0,8,3,2,1,Livingston,70.6,2, Scottish Premiership
40.0,2,0,5,11,0,35.1,78.1,0,9,7,0,6,Hibernian,57.1,2,,"3:00pm, Sunday 27th September 2020.",0,3,425613,60.0,5,1,6,9,0,64.9,89.4,0,20,6,9,0,Celtic,72.7,0, Scottish Premiership
31.3,3,0,2,12,0,43.1,74.4,0,8,1,4,6,Hamilton Academical,64.7,2,,"7:45pm, Friday 2nd October 2020.",2,3,425621,68.8,5,4,7,10,3,56.9,81.5,0,18,4,9,3,Hibernian,100.0,1, Scottish Premiership
53.3,6,3,5,18,3,51.9,64.4,0,12,4,2,0,Dundee United,71.4,1,,"3:00pm, Saturday 26th September 2020.",1,1,425614,46.7,4,1,7,18,5,48.1,56.2,0,12,7,1,1,Hamilton Academical,80.0,4, Scottish Premiership
34.5,3,1,4,8,0,56.1,84.1,0,15,3,9,1,Rangers,52.4,0,,"12:00pm, Sunday 27th September 2020.",5,1,425616,65.5,6,0,7,14,0,43.9,80.3,0,8,1,1,4,Motherwell,46.2,1, Scottish Premiership
51.4,3,5,11,10,6,56.5,59.6,0,14,5,6,0,Livingston,100.0,0,,"7:45pm, Friday 2nd October 2020.",2,1,425620,48.6,0,0,3,15,0,43.5,48.9,0,1,0,1,4,Dundee United,100.0,0, Scottish Premiership
