web-scraper-order,web-scraper-start-url,Games,Games-href,League,Date,Teams,Warning,Country
1601207342-125,https://www.oddsportal.com/soccer/england/championship/,Derby - Watford,https://www.oddsportal.com/soccer/england/championship/derby-watford-zXZalACe/,Championship,"Friday, 16 Oct  2020, 18:45",Derby - Watford,,England
1601207566-159,https://www.oddsportal.com/soccer/england/premier-league/,Liverpool - Arsenal,https://www.oddsportal.com/soccer/england/premier-league/liverpool-arsenal-Qaqjm50e/,Premier League,"Tomorrow, 28 Sep  2020, 19:00",Liverpool - Arsenal,,England
1601206750-39,https://www.oddsportal.com/soccer/scotland/premiership/,Celtic - Hibernian,https://www.oddsportal.com/soccer/scotland/premiership/celtic-hibernian-dIGM5m47/,Premiership,"Today, 27 Sep  2020, 14:00",Celtic - Hibernian,,Scotland
1601207374-130,https://www.oddsportal.com/soccer/england/championship/,Reading - Watford,https://www.oddsportal.com/soccer/england/championship/reading-watford-j5VHfiIU/,Championship,"Saturday, 03 Oct  2020, 14:00",Reading - Watford,,England
1601207548-156,https://www.oddsportal.com/soccer/england/premier-league/,Leeds - Manchester City,https://www.oddsportal.com/soccer/england/premier-league/leeds-manchester-city-hz3Xarp1/,Premier League,"Saturday, 03 Oct  2020, 16:30",Leeds - Manchester City,,England
1601207335-124,https://www.oddsportal.com/soccer/england/championship/,Barnsley - Bristol City,https://www.oddsportal.com/soccer/england/championship/barnsley-bristol-city-jJAj9jXN/,Championship,"Saturday, 17 Oct  2020, 14:00",Barnsley - Bristol City,,England
1601206650-25,https://www.oddsportal.com/soccer/russia/premier-league/,Ufa - R. Volgograd,https://www.oddsportal.com/soccer/russia/premier-league/ufa-r-volgograd-YNuc4cCo/,Premier League,"Saturday, 03 Oct  2020, 11:00",Ufa - R. Volgograd,,Russia
1601207179-101,https://www.oddsportal.com/soccer/france/ligue-1/,Bordeaux - Dijon,https://www.oddsportal.com/soccer/france/ligue-1/bordeaux-dijon-p6Bv3ps8/,Ligue 1,"Sunday, 04 Oct  2020, 13:00",Bordeaux - Dijon,,France
1601207481-146,https://www.oddsportal.com/soccer/england/premier-league/,Everton - Liverpool,https://www.oddsportal.com/soccer/england/premier-league/everton-liverpool-hlr6Esaf/,Premier League,"Saturday, 17 Oct  2020, 14:00",Everton - Liverpool,,England
1601206568-13,https://www.oddsportal.com/soccer/spain/laliga/,Cadiz CF - Sevilla,https://www.oddsportal.com/soccer/spain/laliga/cadiz-sevilla-YTYiGiZN/,LaLiga,"Today, 27 Sep  2020, 16:30",Cadiz CF - Sevilla,,Spain
1601206999-75,https://www.oddsportal.com/soccer/germany/bundesliga/,Hoffenheim - Bayern Munich,https://www.oddsportal.com/soccer/germany/bundesliga/hoffenheim-bayern-munich-lvpJu2UQ/,Bundesliga,"Today, 27 Sep  2020, 13:30",Hoffenheim - Bayern Munich,,Germany
1601206587-16,https://www.oddsportal.com/soccer/spain/laliga/,Osasuna - Levante,https://www.oddsportal.com/soccer/spain/laliga/osasuna-levante-nXxdFBlU/,LaLiga,"Today, 27 Sep  2020, 10:00",Osasuna - Levante,The match has already started.,Spain
1601206807-47,https://www.oddsportal.com/soccer/netherlands/eredivisie/,Venlo - Den Haag,https://www.oddsportal.com/soccer/netherlands/eredivisie/venlo-den-haag-Srfrx9fS/,Eredivisie,"Saturday, 03 Oct  2020, 18:00",Venlo - Den Haag,,Netherlands
1601207304-119,https://www.oddsportal.com/soccer/england/championship/,Luton - Stoke,https://www.oddsportal.com/soccer/england/championship/luton-stoke-city-SQMoCD42/,Championship,"Saturday, 17 Oct  2020, 14:00",Luton - Stoke,,England
1601207361-128,https://www.oddsportal.com/soccer/england/championship/,Sheffield Wed - QPR,https://www.oddsportal.com/soccer/england/championship/sheffield-wed-qpr-MwJZCYXb/,Championship,"Saturday, 03 Oct  2020, 14:00",Sheffield Wed - QPR,,England
1601206625-21,https://www.oddsportal.com/soccer/russia/premier-league/,Lokomotiv Moscow - Khimki,https://www.oddsportal.com/soccer/russia/premier-league/lokomotiv-moscow-khimki-nX6vnGdH/,Premier League,"Sunday, 04 Oct  2020, 11:00",Lokomotiv Moscow - Khimki,,Russia
1601207260-113,https://www.oddsportal.com/soccer/france/ligue-1/,,https://www.oddsportal.com/soccer/france/ligue-1/bordeaux-nice-CfY0I4Pc/inplay-odds/,France,"Today, 27 Sep  2020, 11:00",Bordeaux - Nice,The match has already started.,Soccer
1601207405-135,https://www.oddsportal.com/soccer/england/championship/,Blackburn - Cardiff,https://www.oddsportal.com/soccer/england/championship/blackburn-cardiff-IZD4Cpmn/,Championship,"Saturday, 03 Oct  2020, 14:00",Blackburn - Cardiff,,England
1601207106-91,https://www.oddsportal.com/soccer/italy/serie-a/,Napoli - Genoa,https://www.oddsportal.com/soccer/italy/serie-a/napoli-genoa-2spVTFIq/,Serie A,"Today, 27 Sep  2020, 16:00",Napoli - Genoa,,Italy
1601207554-157,https://www.oddsportal.com/soccer/england/premier-league/,Everton - Brighton,https://www.oddsportal.com/soccer/england/premier-league/everton-brighton-Eq4T0OUf/,Premier League,"Saturday, 03 Oct  2020, 14:00",Everton - Brighton,,England
1601207012-76,https://www.oddsportal.com/soccer/italy/serie-a/,Juventus - Napoli,https://www.oddsportal.com/soccer/italy/serie-a/juventus-napoli-z9NBtg2k/,Serie A,"Sunday, 04 Oct  2020, 18:45",Juventus - Napoli,,Italy
1601206517-5,https://www.oddsportal.com/soccer/spain/laliga/,Real Madrid - Valladolid,https://www.oddsportal.com/soccer/spain/laliga/real-madrid-valladolid-CEWmnhJi/,LaLiga,"Wednesday, 30 Sep  2020, 19:30",Real Madrid - Valladolid,,Spain
1601207049-82,https://www.oddsportal.com/soccer/italy/serie-a/,Udinese - AS Roma,https://www.oddsportal.com/soccer/italy/serie-a/udinese-as-roma-4tL31fvF/,Serie A,"Saturday, 03 Oct  2020, 18:45",Udinese - AS Roma,,Italy
1601207291-117,https://www.oddsportal.com/soccer/england/championship/,Rotherham - Norwich,https://www.oddsportal.com/soccer/england/championship/rotherham-norwich-UkJ28V3R/,Championship,"Saturday, 17 Oct  2020, 14:00",Rotherham - Norwich,,England
1601206737-37,https://www.oddsportal.com/soccer/scotland/premiership/,Aberdeen - St. Mirren,https://www.oddsportal.com/soccer/scotland/premiership/aberdeen-st-mirren-4OPo6HFm/,Premiership,"Friday, 02 Oct  2020, 18:45",Aberdeen - St. Mirren,,Scotland
1601206555-11,https://www.oddsportal.com/soccer/spain/laliga/,Barcelona - Villarreal,https://www.oddsportal.com/soccer/spain/laliga/barcelona-villarreal-489MVWYA/,LaLiga,"Today, 27 Sep  2020, 19:00",Barcelona - Villarreal,,Spain
1601206902-60,https://www.oddsportal.com/soccer/germany/bundesliga/,Mainz - Bayer Leverkusen,https://www.oddsportal.com/soccer/germany/bundesliga/mainz-bayer-leverkusen-SQM3mjS4/,Bundesliga,"Saturday, 17 Oct  2020, 13:30",Mainz - Bayer Leverkusen,,Germany
1601207075-86,https://www.oddsportal.com/soccer/italy/serie-a/,Lazio - Atalanta,https://www.oddsportal.com/soccer/italy/serie-a/lazio-atalanta-jHysaL7f/,Serie A,"Wednesday, 30 Sep  2020, 18:45",Lazio - Atalanta,,Italy
1601207592-163,https://www.oddsportal.com/soccer/england/premier-league/,Tottenham - Newcastle,https://www.oddsportal.com/soccer/england/premier-league/tottenham-newcastle-utd-zVQtAS78/,Premier League,"Today, 27 Sep  2020, 13:00",Tottenham - Newcastle,,England
1601206692-31,https://www.oddsportal.com/soccer/russia/premier-league/,,https://www.oddsportal.com/soccer/russia/premier-league/arsenal-tula-fk-rostov-ARFJjvrn/inplay-odds/,Russia,"Today, 27 Sep  2020, 11:00",Arsenal Tula - FK Rostov,The match has already started.,Soccer
1601206549-10,https://www.oddsportal.com/soccer/spain/laliga/,Real Sociedad - Valencia,https://www.oddsportal.com/soccer/spain/laliga/real-sociedad-valencia-6yWioCYc/,LaLiga,"Tuesday, 29 Sep  2020, 17:00",Real Sociedad - Valencia,,Spain
1601206864-55,https://www.oddsportal.com/soccer/netherlands/eredivisie/,,https://www.oddsportal.com/soccer/netherlands/eredivisie/feyenoord-den-haag-KM6yJTmj/inplay-odds/,Netherlands,"Today, 27 Sep  2020, 10:15",Feyenoord - Den Haag,The match has already started.,Soccer
1601207024-78,https://www.oddsportal.com/soccer/italy/serie-a/,Parma - Verona,https://www.oddsportal.com/soccer/italy/serie-a/parma-verona-8ERf3G92/,Serie A,"Sunday, 04 Oct  2020, 13:00",Parma - Verona,,Italy
1601207132-95,https://www.oddsportal.com/soccer/italy/serie-a/,,https://www.oddsportal.com/soccer/italy/serie-a/spezia-sassuolo-dftLjwQd/inplay-odds/,Italy,"Today, 27 Sep  2020, 10:30",Spezia - Sassuolo,The match has already started.,Soccer
1601206833-51,https://www.oddsportal.com/soccer/netherlands/eredivisie/,Heracles - PSV,https://www.oddsportal.com/soccer/netherlands/eredivisie/heracles-psv-bD5uIm3d/,Eredivisie,"Today, 27 Sep  2020, 14:45",Heracles - PSV,,Netherlands
1601206606-18,https://www.oddsportal.com/soccer/russia/premier-league/,Dynamo Moscow - Krasnodar,https://www.oddsportal.com/soccer/russia/premier-league/dynamo-moscow-krasnodar-48HZndsB/,Premier League,"Sunday, 04 Oct  2020, 17:00",Dynamo Moscow - Krasnodar,,Russia
1601207380-131,https://www.oddsportal.com/soccer/england/championship/,Nottingham - Bristol City,https://www.oddsportal.com/soccer/england/championship/nottingham-bristol-city-Uks9dDmI/,Championship,"Saturday, 03 Oct  2020, 14:00",Nottingham - Bristol City,,England
1601206987-73,https://www.oddsportal.com/soccer/germany/bundesliga/,Union Berlin - Mainz,https://www.oddsportal.com/soccer/germany/bundesliga/union-berlin-mainz-8nLYZWc5/,Bundesliga,"Friday, 02 Oct  2020, 18:30",Union Berlin - Mainz,,Germany
1601207157-98,https://www.oddsportal.com/soccer/france/ligue-1/,Strasbourg - Lille,https://www.oddsportal.com/soccer/france/ligue-1/strasbourg-lille-lM2Uh0J0/,Ligue 1,"Sunday, 04 Oct  2020, 13:00",Strasbourg - Lille,,France
1601206724-35,https://www.oddsportal.com/soccer/scotland/premiership/,Hibernian - Hamilton,https://www.oddsportal.com/soccer/scotland/premiership/hibernian-hamilton-xxOg4ep0/,Premiership,"Friday, 02 Oct  2020, 18:45",Hibernian - Hamilton,,Scotland
1601206794-45,https://www.oddsportal.com/soccer/netherlands/eredivisie/,Groningen - Ajax,https://www.oddsportal.com/soccer/netherlands/eredivisie/groningen-ajax-bRpEWnIk/,Eredivisie,"Sunday, 04 Oct  2020, 10:15",Groningen - Ajax,,Netherlands
1601207605-165,https://www.oddsportal.com/soccer/england/premier-league/,,https://www.oddsportal.com/soccer/england/premier-league/sheffield-utd-leeds-YPnboqV7/inplay-odds/,England,"Today, 27 Sep  2020, 11:00",Sheffield Utd - Leeds,The match has already started.,Soccer
1601207573-160,https://www.oddsportal.com/soccer/england/premier-league/,Fulham - Aston Villa,https://www.oddsportal.com/soccer/england/premier-league/fulham-aston-villa-n9pnlook/,Premier League,"Tomorrow, 28 Sep  2020, 16:45",Fulham - Aston Villa,,England
1601207424-138,https://www.oddsportal.com/soccer/england/championship/,Bournemouth - Norwich,https://www.oddsportal.com/soccer/england/championship/bournemouth-norwich-U9wmYx50/,Championship,"Today, 27 Sep  2020, 15:00",Bournemouth - Norwich,,England
1601207164-99,https://www.oddsportal.com/soccer/france/ligue-1/,Metz - Lorient,https://www.oddsportal.com/soccer/france/ligue-1/metz-lorient-dONk0rRQ/,Ligue 1,"Sunday, 04 Oct  2020, 13:00",Metz - Lorient,,France
1601206505-3,https://www.oddsportal.com/soccer/spain/laliga/,Sevilla - Levante,https://www.oddsportal.com/soccer/spain/laliga/sevilla-levante-Qwngqj3A/,LaLiga,"Thursday, 01 Oct  2020, 17:00",Sevilla - Levante,,Spain
1601206928-64,https://www.oddsportal.com/soccer/germany/bundesliga/,Augsburg - RB Leipzig,https://www.oddsportal.com/soccer/germany/bundesliga/augsburg-rb-leipzig-OhGCoUdH/,Bundesliga,"Saturday, 17 Oct  2020, 13:30",Augsburg - RB Leipzig,,Germany
1601206663-27,https://www.oddsportal.com/soccer/russia/premier-league/,R. Volgograd - Rubin Kazan,https://www.oddsportal.com/soccer/russia/premier-league/r-volgograd-rubin-kazan-hj5Okbch/,Premier League,"Today, 27 Sep  2020, 16:00",R. Volgograd - Rubin Kazan,,Russia
1601206511-4,https://www.oddsportal.com/soccer/spain/laliga/,Ath Bilbao - Cadiz CF,https://www.oddsportal.com/soccer/spain/laliga/ath-bilbao-cadiz-pSUepWm4/,LaLiga,"Thursday, 01 Oct  2020, 17:00",Ath Bilbao - Cadiz CF,,Spain
1601207278-115,https://www.oddsportal.com/soccer/england/championship/,Wycombe - Millwall,https://www.oddsportal.com/soccer/england/championship/wycombe-millwall-ENfZ29Rl/,Championship,"Saturday, 17 Oct  2020, 14:00",Wycombe - Millwall,,England
1601207535-154,https://www.oddsportal.com/soccer/england/premier-league/,Leicester - West Ham,https://www.oddsportal.com/soccer/england/premier-league/leicester-west-ham-ABcxa2a7/,Premier League,"Sunday, 04 Oct  2020, 11:00",Leicester - West Ham,,England
1601206536-8,https://www.oddsportal.com/soccer/spain/laliga/,Huesca - Atl. Madrid,https://www.oddsportal.com/soccer/spain/laliga/huesca-atl-madrid-bBSqmY3o/,LaLiga,"Wednesday, 30 Sep  2020, 17:00",Huesca - Atl. Madrid,,Spain
1601206542-9,https://www.oddsportal.com/soccer/spain/laliga/,Getafe - Betis,https://www.oddsportal.com/soccer/spain/laliga/getafe-betis-fc2ZSUIT/,LaLiga,"Tuesday, 29 Sep  2020, 19:30",Getafe - Betis,,Spain
1601207186-102,https://www.oddsportal.com/soccer/france/ligue-1/,Montpellier - Nimes,https://www.oddsportal.com/soccer/france/ligue-1/montpellier-nimes-250Ie2Zs/,Ligue 1,"Sunday, 04 Oct  2020, 11:00",Montpellier - Nimes,,France
1601207237-110,https://www.oddsportal.com/soccer/france/ligue-1/,Dijon - Montpellier,https://www.oddsportal.com/soccer/france/ligue-1/dijon-montpellier-fJN5HOv4/,Ligue 1,"Today, 27 Sep  2020, 13:00",Dijon - Montpellier,,France
1601206711-33,https://www.oddsportal.com/soccer/scotland/premiership/,St Johnstone - Celtic,https://www.oddsportal.com/soccer/scotland/premiership/st-johnstone-celtic-CfG61gUI/,Premiership,"Sunday, 04 Oct  2020, 11:00",St Johnstone - Celtic,,Scotland
1601206562-12,https://www.oddsportal.com/soccer/spain/laliga/,Valladolid - Celta Vigo,https://www.oddsportal.com/soccer/spain/laliga/valladolid-celta-vigo-KK7AYYlh/,LaLiga,"Today, 27 Sep  2020, 16:30",Valladolid - Celta Vigo,,Spain
1601206980-72,https://www.oddsportal.com/soccer/germany/bundesliga/,FC Koln - B. Monchengladbach,https://www.oddsportal.com/soccer/germany/bundesliga/1-fc-koln-b-monchengladbach-xMPxZjDB/,Bundesliga,"Saturday, 03 Oct  2020, 13:30",FC Koln - B. Monchengladbach,,Germany
1601207449-141,https://www.oddsportal.com/soccer/england/premier-league/,Sheffield Utd - Fulham,https://www.oddsportal.com/soccer/england/premier-league/sheffield-utd-fulham-OlSeJi2J/,Premier League,"Saturday, 17 Oct  2020, 14:00",Sheffield Utd - Fulham,,England
1601207243-111,https://www.oddsportal.com/soccer/france/ligue-1/,Angers - Brest,https://www.oddsportal.com/soccer/france/ligue-1/angers-brest-Y3ZdJpAi/,Ligue 1,"Today, 27 Sep  2020, 13:00",Angers - Brest,,France
1601206762-41,https://www.oddsportal.com/soccer/scotland/premiership/,,https://www.oddsportal.com/soccer/scotland/premiership/motherwell-rangers-jHqBCJxK/inplay-odds/,Scotland,"Today, 27 Sep  2020, 11:00",Motherwell - Rangers,The match has already started.,Soccer
1601207250-112,https://www.oddsportal.com/soccer/france/ligue-1/,Bordeaux - Nice,https://www.oddsportal.com/soccer/france/ligue-1/bordeaux-nice-CfY0I4Pc/,Ligue 1,"Today, 27 Sep  2020, 11:00",Bordeaux - Nice,The match has already started.,France
1601207509-150,https://www.oddsportal.com/soccer/england/premier-league/,Manchester Utd - Tottenham,https://www.oddsportal.com/soccer/england/premier-league/manchester-united-tottenham-l2dtbMED/,Premier League,"Sunday, 04 Oct  2020, 15:30",Manchester Utd - Tottenham,,England
1601207284-116,https://www.oddsportal.com/soccer/england/championship/,Swansea - Huddersfield,https://www.oddsportal.com/soccer/england/championship/swansea-huddersfield-6e6H9rX4/,Championship,"Saturday, 17 Oct  2020, 14:00",Swansea - Huddersfield,,England
1601207199-104,https://www.oddsportal.com/soccer/france/ligue-1/,Lens - St Etienne,https://www.oddsportal.com/soccer/france/ligue-1/lens-st-etienne-tYpbfhw8/,Ligue 1,"Saturday, 03 Oct  2020, 15:00",Lens - St Etienne,,France
1601207502-149,https://www.oddsportal.com/soccer/england/premier-league/,Aston Villa - Liverpool,https://www.oddsportal.com/soccer/england/premier-league/aston-villa-liverpool-6J0L2p0r/,Premier League,"Sunday, 04 Oct  2020, 18:15",Aston Villa - Liverpool,,England
1601207310-120,https://www.oddsportal.com/soccer/england/championship/,Brentford - Coventry,https://www.oddsportal.com/soccer/england/championship/brentford-coventry-n9IN7bDG/,Championship,"Saturday, 17 Oct  2020, 14:00",Brentford - Coventry,,England
1601206644-24,https://www.oddsportal.com/soccer/russia/premier-league/,Tambov - Arsenal Tula,https://www.oddsportal.com/soccer/russia/premier-league/fc-tambov-arsenal-tula-0zBrozCN/,Premier League,"Saturday, 03 Oct  2020, 13:30",Tambov - Arsenal Tula,,Russia
1601206973-71,https://www.oddsportal.com/soccer/germany/bundesliga/,Dortmund - Freiburg,https://www.oddsportal.com/soccer/germany/bundesliga/dortmund-freiburg-tzUHwFbt/,Bundesliga,"Saturday, 03 Oct  2020, 13:30",Dortmund - Freiburg,,Germany
1601206492-1,https://www.oddsportal.com/soccer/spain/laliga/,Granada CF - Osasuna,https://www.oddsportal.com/soccer/spain/laliga/granada-cf-osasuna-h6s8wLWl/,LaLiga,"Tuesday, 12 Jan  2021, 15:00",Granada CF - Osasuna,,Spain
1601207585-162,https://www.oddsportal.com/soccer/england/premier-league/,Manchester City - Leicester,https://www.oddsportal.com/soccer/england/premier-league/manchester-city-leicester-KMrfnPF1/,Premier League,"Today, 27 Sep  2020, 15:30",Manchester City - Leicester,,England
1601206612-19,https://www.oddsportal.com/soccer/russia/premier-league/,Rubin Kazan - Akhmat Grozny,https://www.oddsportal.com/soccer/russia/premier-league/rubin-kazan-akhmat-grozny-d6dEuEZp/,Premier League,"Sunday, 04 Oct  2020, 13:30",Rubin Kazan - Akhmat Grozny,,Russia
1601207462-143,https://www.oddsportal.com/soccer/england/premier-league/,Manchester City - Arsenal,https://www.oddsportal.com/soccer/england/premier-league/manchester-city-arsenal-rwyJBuqD/,Premier League,"Saturday, 17 Oct  2020, 14:00",Manchester City - Arsenal,,England
1601206705-32,https://www.oddsportal.com/soccer/scotland/premiership/,Rangers - Ross County,https://www.oddsportal.com/soccer/scotland/premiership/rangers-ross-county-Y3H22ZEC/,Premiership,"Sunday, 04 Oct  2020, 14:00",Rangers - Ross County,,Scotland
1601206934-65,https://www.oddsportal.com/soccer/germany/bundesliga/,Bayern Munich - Hertha Berlin,https://www.oddsportal.com/soccer/germany/bundesliga/bayern-munich-hertha-berlin-4A6lesUD/,Bundesliga,"Sunday, 04 Oct  2020, 16:00",Bayern Munich - Hertha Berlin,,Germany
1601206960-69,https://www.oddsportal.com/soccer/germany/bundesliga/,Stuttgart - Bayer Leverkusen,https://www.oddsportal.com/soccer/germany/bundesliga/vfb-stuttgart-bayer-leverkusen-byEoXUsO/,Bundesliga,"Saturday, 03 Oct  2020, 13:30",Stuttgart - Bayer Leverkusen,,Germany
1601207151-97,https://www.oddsportal.com/soccer/france/ligue-1/,Rennes - Reims,https://www.oddsportal.com/soccer/france/ligue-1/rennes-reims-AV3Qgt4f/,Ligue 1,"Sunday, 04 Oct  2020, 15:00",Rennes - Reims,,France
1601206788-44,https://www.oddsportal.com/soccer/netherlands/eredivisie/,Sparta Rotterdam - AZ Alkmaar,https://www.oddsportal.com/soccer/netherlands/eredivisie/sparta-rotterdam-az-alkmaar-fgvNUQn2/,Eredivisie,"Sunday, 04 Oct  2020, 12:30",Sparta Rotterdam - AZ Alkmaar,,Netherlands
1601207579-161,https://www.oddsportal.com/soccer/england/premier-league/,West Ham - Wolves,https://www.oddsportal.com/soccer/england/premier-league/west-ham-wolves-MoPl86xL/,Premier League,"Today, 27 Sep  2020, 18:00",West Ham - Wolves,,England
1601207493-148,https://www.oddsportal.com/soccer/england/premier-league/,Chelsea - Southampton,https://www.oddsportal.com/soccer/england/premier-league/chelsea-southampton-pOvbG3Us/,Premier League,"Saturday, 17 Oct  2020, 14:00",Chelsea - Southampton,,England
1601206882-57,https://www.oddsportal.com/soccer/germany/bundesliga/,FC Koln - Eintracht Frankfurt,https://www.oddsportal.com/soccer/germany/bundesliga/1-fc-koln-eintracht-frankfurt-tUQ7nAsB/,Bundesliga,"Sunday, 18 Oct  2020, 13:30",FC Koln - Eintracht Frankfurt,,Germany
1601207272-114,https://www.oddsportal.com/soccer/england/championship/,Preston - Cardiff,https://www.oddsportal.com/soccer/england/championship/preston-cardiff-CY6DAOHb/,Championship,"Sunday, 18 Oct  2020, 11:00",Preston - Cardiff,,England
1601206889-58,https://www.oddsportal.com/soccer/germany/bundesliga/,B. Monchengladbach - Wolfsburg,https://www.oddsportal.com/soccer/germany/bundesliga/b-monchengladbach-wolfsburg-CvIkWlcU/,Bundesliga,"Saturday, 17 Oct  2020, 18:30",B. Monchengladbach - Wolfsburg,,Germany
1601207367-129,https://www.oddsportal.com/soccer/england/championship/,Rotherham - Huddersfield,https://www.oddsportal.com/soccer/england/championship/rotherham-huddersfield-tUAREf3n/,Championship,"Saturday, 03 Oct  2020, 14:00",Rotherham - Huddersfield,,England
1601207393-133,https://www.oddsportal.com/soccer/england/championship/,Luton - Wycombe,https://www.oddsportal.com/soccer/england/championship/luton-wycombe-U9Pi2HJt/,Championship,"Saturday, 03 Oct  2020, 14:00",Luton - Wycombe,,England
1601207231-109,https://www.oddsportal.com/soccer/france/ligue-1/,Monaco - Strasbourg,https://www.oddsportal.com/soccer/france/ligue-1/monaco-strasbourg-fHrncfgk/,Ligue 1,"Today, 27 Sep  2020, 13:00",Monaco - Strasbourg,,France
1601206909-61,https://www.oddsportal.com/soccer/germany/bundesliga/,Hoffenheim - Dortmund,https://www.oddsportal.com/soccer/germany/bundesliga/hoffenheim-dortmund-l0geiYSu/,Bundesliga,"Saturday, 17 Oct  2020, 13:30",Hoffenheim - Dortmund,,Germany
1601206947-67,https://www.oddsportal.com/soccer/germany/bundesliga/,RB Leipzig - Schalke,https://www.oddsportal.com/soccer/germany/bundesliga/rb-leipzig-schalke-zcTLxZDn/,Bundesliga,"Saturday, 03 Oct  2020, 16:30",RB Leipzig - Schalke,,Germany
1601206743-38,https://www.oddsportal.com/soccer/scotland/premiership/,Ross County - Aberdeen,https://www.oddsportal.com/soccer/scotland/premiership/ross-county-aberdeen-pvqFBwhQ/,Premiership,"Today, 27 Sep  2020, 14:00",Ross County - Aberdeen,,Scotland
1601206854-54,https://www.oddsportal.com/soccer/netherlands/eredivisie/,Feyenoord - Den Haag,https://www.oddsportal.com/soccer/netherlands/eredivisie/feyenoord-den-haag-KM6yJTmj/,Eredivisie,"Today, 27 Sep  2020, 10:15",Feyenoord - Den Haag,The match has already started.,Netherlands
1601206671-28,https://www.oddsportal.com/soccer/russia/premier-league/,CSKA Moscow - Lokomotiv Moscow,https://www.oddsportal.com/soccer/russia/premier-league/cska-moscow-lokomotiv-moscow-K2zAWzcU/,Premier League,"Today, 27 Sep  2020, 16:00",CSKA Moscow - Lokomotiv Moscow,,Russia
1601206953-68,https://www.oddsportal.com/soccer/germany/bundesliga/,Werder Bremen - Arminia Bielefeld,https://www.oddsportal.com/soccer/germany/bundesliga/werder-bremen-arminia-bielefeld-GCOtYASH/,Bundesliga,"Saturday, 03 Oct  2020, 13:30",Werder Bremen - Arminia Bielefeld,,Germany
1601206781-43,https://www.oddsportal.com/soccer/netherlands/eredivisie/,Willem II - Feyenoord,https://www.oddsportal.com/soccer/netherlands/eredivisie/willem-ii-feyenoord-tjzJV6Xe/,Eredivisie,"Sunday, 04 Oct  2020, 12:30",Willem II - Feyenoord,,Netherlands
1601206618-20,https://www.oddsportal.com/soccer/russia/premier-league/,Sochi - FK Rostov,https://www.oddsportal.com/soccer/russia/premier-league/pfc-sochi-fk-rostov-fcAnpfRT/,Premier League,"Sunday, 04 Oct  2020, 13:30",Sochi - FK Rostov,,Russia
1601207218-107,https://www.oddsportal.com/soccer/france/ligue-1/,Lorient - Lyon,https://www.oddsportal.com/soccer/france/ligue-1/lorient-lyon-0GQDF29G/,Ligue 1,"Today, 27 Sep  2020, 15:00",Lorient - Lyon,,France
1601206685-30,https://www.oddsportal.com/soccer/russia/premier-league/,Arsenal Tula - FK Rostov,https://www.oddsportal.com/soccer/russia/premier-league/arsenal-tula-fk-rostov-ARFJjvrn/,Premier League,"Today, 27 Sep  2020, 11:00",Arsenal Tula - FK Rostov,The match has already started.,Russia
1601207018-77,https://www.oddsportal.com/soccer/italy/serie-a/,AC Milan - Spezia,https://www.oddsportal.com/soccer/italy/serie-a/ac-milan-spezia-fBwDvXW1/,Serie A,"Sunday, 04 Oct  2020, 16:00",AC Milan - Spezia,,Italy
1601207418-137,https://www.oddsportal.com/soccer/england/championship/,Coventry - Bournemouth,https://www.oddsportal.com/soccer/england/championship/coventry-bournemouth-jqfsrEYO/,Championship,"Friday, 02 Oct  2020, 18:45",Coventry - Bournemouth,,England
1601207522-152,https://www.oddsportal.com/soccer/england/premier-league/,Arsenal - Sheffield Utd,https://www.oddsportal.com/soccer/england/premier-league/arsenal-sheffield-utd-0xOh7QiR/,Premier League,"Sunday, 04 Oct  2020, 13:00",Arsenal - Sheffield Utd,,England
1601206523-6,https://www.oddsportal.com/soccer/spain/laliga/,Eibar - Elche,https://www.oddsportal.com/soccer/spain/laliga/eibar-elche-QNcVTA3N/,LaLiga,"Wednesday, 30 Sep  2020, 19:30",Eibar - Elche,,Spain
1601207224-108,https://www.oddsportal.com/soccer/france/ligue-1/,Nimes - Lens,https://www.oddsportal.com/soccer/france/ligue-1/nimes-lens-Y7sjdE8e/,Ligue 1,"Today, 27 Sep  2020, 13:00",Nimes - Lens,,France
1601207298-118,https://www.oddsportal.com/soccer/england/championship/,Middlesbrough - Reading,https://www.oddsportal.com/soccer/england/championship/middlesbrough-reading-MPFfAiZE/,Championship,"Saturday, 17 Oct  2020, 14:00",Middlesbrough - Reading,,England
1601206529-7,https://www.oddsportal.com/soccer/spain/laliga/,Villarreal - Alaves,https://www.oddsportal.com/soccer/spain/laliga/villarreal-alaves-d6l1OlRp/,LaLiga,"Wednesday, 30 Sep  2020, 17:00",Villarreal - Alaves,,Spain
1601207529-153,https://www.oddsportal.com/soccer/england/premier-league/,Southampton - West Brom,https://www.oddsportal.com/soccer/england/premier-league/southampton-west-brom-0j3RLP6K/,Premier League,"Sunday, 04 Oct  2020, 11:00",Southampton - West Brom,,England
1601207317-121,https://www.oddsportal.com/soccer/england/championship/,Bournemouth - QPR,https://www.oddsportal.com/soccer/england/championship/bournemouth-qpr-jsPE9Kr4/,Championship,"Saturday, 17 Oct  2020, 14:00",Bournemouth - QPR,,England
1601207093-89,https://www.oddsportal.com/soccer/italy/serie-a/,Bologna - Parma,https://www.oddsportal.com/soccer/italy/serie-a/bologna-parma-zTTllp4b/,Serie A,"Tomorrow, 28 Sep  2020, 18:45",Bologna - Parma,,Italy
1601206730-36,https://www.oddsportal.com/soccer/scotland/premiership/,Dundee Utd - Livingston,https://www.oddsportal.com/soccer/scotland/premiership/dundee-utd-livingston-rFOk5yVg/,Premiership,"Friday, 02 Oct  2020, 18:45",Dundee Utd - Livingston,,Scotland
1601207068-85,https://www.oddsportal.com/soccer/italy/serie-a/,Fiorentina - Sampdoria,https://www.oddsportal.com/soccer/italy/serie-a/fiorentina-sampdoria-vwxtnFvS/,Serie A,"Friday, 02 Oct  2020, 18:45",Fiorentina - Sampdoria,,Italy
1601207560-158,https://www.oddsportal.com/soccer/england/premier-league/,Chelsea - Crystal Palace,https://www.oddsportal.com/soccer/england/premier-league/chelsea-crystal-palace-KM4P14Fl/,Premier League,"Saturday, 03 Oct  2020, 11:30",Chelsea - Crystal Palace,,England
1601206876-56,https://www.oddsportal.com/soccer/germany/bundesliga/,Schalke - Union Berlin,https://www.oddsportal.com/soccer/germany/bundesliga/schalke-union-berlin-Y3NalWCb/,Bundesliga,"Sunday, 18 Oct  2020, 16:00",Schalke - Union Berlin,,Germany
1601206967-70,https://www.oddsportal.com/soccer/germany/bundesliga/,Eintracht Frankfurt - Hoffenheim,https://www.oddsportal.com/soccer/germany/bundesliga/eintracht-frankfurt-hoffenheim-UeMUzDra/,Bundesliga,"Saturday, 03 Oct  2020, 13:30",Eintracht Frankfurt - Hoffenheim,,Germany
1601207037-80,https://www.oddsportal.com/soccer/italy/serie-a/,Benevento - Bologna,https://www.oddsportal.com/soccer/italy/serie-a/benevento-bologna-QZXymePL/,Serie A,"Sunday, 04 Oct  2020, 13:00",Benevento - Bologna,,Italy
1601206631-22,https://www.oddsportal.com/soccer/russia/premier-league/,Spartak Moscow - Zenit,https://www.oddsportal.com/soccer/russia/premier-league/spartak-moscow-zenit-st-petersburg-QHIVmxS4/,Premier League,"Saturday, 03 Oct  2020, 16:00",Spartak Moscow - Zenit,,Russia
1601207430-139,https://www.oddsportal.com/soccer/england/championship/,Bristol City - Sheffield Wed,https://www.oddsportal.com/soccer/england/championship/bristol-city-sheffield-wed-80xiXdK6/,Championship,"Today, 27 Sep  2020, 12:00",Bristol City - Sheffield Wed,,England
1601207516-151,https://www.oddsportal.com/soccer/england/premier-league/,Wolves - Fulham,https://www.oddsportal.com/soccer/england/premier-league/wolves-fulham-rFhWKqMQ/,Premier League,"Sunday, 04 Oct  2020, 13:00",Wolves - Fulham,,England
1601207062-84,https://www.oddsportal.com/soccer/italy/serie-a/,Sassuolo - Crotone,https://www.oddsportal.com/soccer/italy/serie-a/sassuolo-crotone-MHVb2zP8/,Serie A,"Saturday, 03 Oct  2020, 13:00",Sassuolo - Crotone,,Italy
1601206574-14,https://www.oddsportal.com/soccer/spain/laliga/,Atl. Madrid - Granada CF,https://www.oddsportal.com/soccer/spain/laliga/atl-madrid-granada-cf-bB6EXh4b/,LaLiga,"Today, 27 Sep  2020, 14:00",Atl. Madrid - Granada CF,,Spain
1601207056-83,https://www.oddsportal.com/soccer/italy/serie-a/,Genoa - Torino,https://www.oddsportal.com/soccer/italy/serie-a/genoa-torino-dIO7sZnq/,Serie A,"Saturday, 03 Oct  2020, 16:00",Genoa - Torino,,Italy
1601207081-87,https://www.oddsportal.com/soccer/italy/serie-a/,Udinese - Spezia,https://www.oddsportal.com/soccer/italy/serie-a/udinese-spezia-EkNyL2UD/,Serie A,"Wednesday, 30 Sep  2020, 16:00",Udinese - Spezia,,Italy
1601207212-106,https://www.oddsportal.com/soccer/france/ligue-1/,Reims - Paris SG,https://www.oddsportal.com/soccer/france/ligue-1/reims-paris-sg-6csBesIp/,Ligue 1,"Today, 27 Sep  2020, 19:00",Reims - Paris SG,,France
1601207355-127,https://www.oddsportal.com/soccer/england/championship/,Swansea - Millwall,https://www.oddsportal.com/soccer/england/championship/swansea-millwall-0b39B42h/,Championship,"Saturday, 03 Oct  2020, 14:00",Swansea - Millwall,,England
1601206915-62,https://www.oddsportal.com/soccer/germany/bundesliga/,Hertha Berlin - Stuttgart,https://www.oddsportal.com/soccer/germany/bundesliga/hertha-berlin-vfb-stuttgart-fDOekCch/,Bundesliga,"Saturday, 17 Oct  2020, 13:30",Hertha Berlin - Stuttgart,,Germany
1601206895-59,https://www.oddsportal.com/soccer/germany/bundesliga/,Arminia Bielefeld - Bayern Munich,https://www.oddsportal.com/soccer/germany/bundesliga/arminia-bielefeld-bayern-munich-2qFGplCN/,Bundesliga,"Saturday, 17 Oct  2020, 16:30",Arminia Bielefeld - Bayern Munich,,Germany
1601206756-40,https://www.oddsportal.com/soccer/scotland/premiership/,Motherwell - Rangers,https://www.oddsportal.com/soccer/scotland/premiership/motherwell-rangers-jHqBCJxK/,Premiership,"Today, 27 Sep  2020, 11:00",Motherwell - Rangers,The match has already started.,Scotland
1601206820-49,https://www.oddsportal.com/soccer/netherlands/eredivisie/,Vitesse - Heracles,https://www.oddsportal.com/soccer/netherlands/eredivisie/vitesse-heracles-6T5ZwVPF/,Eredivisie,"Saturday, 03 Oct  2020, 14:30",Vitesse - Heracles,,Netherlands
1601206775-42,https://www.oddsportal.com/soccer/netherlands/eredivisie/,PSV - Sittard,https://www.oddsportal.com/soccer/netherlands/eredivisie/psv-sittard-8dS4gAP2/,Eredivisie,"Sunday, 04 Oct  2020, 14:45",PSV - Sittard,,Netherlands
1601206813-48,https://www.oddsportal.com/soccer/netherlands/eredivisie/,Waalwijk - Zwolle,https://www.oddsportal.com/soccer/netherlands/eredivisie/waalwijk-zwolle-lhevwkuM/,Eredivisie,"Saturday, 03 Oct  2020, 16:45",Waalwijk - Zwolle,,Netherlands
1601206940-66,https://www.oddsportal.com/soccer/germany/bundesliga/,Wolfsburg - Augsburg,https://www.oddsportal.com/soccer/germany/bundesliga/wolfsburg-augsburg-nXWPygTh/,Bundesliga,"Sunday, 04 Oct  2020, 13:30",Wolfsburg - Augsburg,,Germany
1601206826-50,https://www.oddsportal.com/soccer/netherlands/eredivisie/,Utrecht - Heerenveen,https://www.oddsportal.com/soccer/netherlands/eredivisie/utrecht-heerenveen-8rmWvBA9/,Eredivisie,"Friday, 02 Oct  2020, 18:00",Utrecht - Heerenveen,,Netherlands
1601207031-79,https://www.oddsportal.com/soccer/italy/serie-a/,Lazio - Inter,https://www.oddsportal.com/soccer/italy/serie-a/lazio-inter-GKv9uDHe/,Serie A,"Sunday, 04 Oct  2020, 13:00",Lazio - Inter,,Italy
1601207100-90,https://www.oddsportal.com/soccer/italy/serie-a/,AS Roma - Juventus,https://www.oddsportal.com/soccer/italy/serie-a/as-roma-juventus-d4qZSZXk/,Serie A,"Today, 27 Sep  2020, 18:45",AS Roma - Juventus,,Italy
1601206847-53,https://www.oddsportal.com/soccer/netherlands/eredivisie/,Utrecht - Waalwijk,https://www.oddsportal.com/soccer/netherlands/eredivisie/utrecht-waalwijk-zVlOtXuc/,Eredivisie,"Today, 27 Sep  2020, 12:30",Utrecht - Waalwijk,,Netherlands
1601207206-105,https://www.oddsportal.com/soccer/france/ligue-1/,Paris SG - Angers,https://www.oddsportal.com/soccer/france/ligue-1/paris-sg-angers-SUtfeYN1/,Ligue 1,"Friday, 02 Oct  2020, 19:00",Paris SG - Angers,,France
1601207348-126,https://www.oddsportal.com/soccer/england/championship/,Stoke - Birmingham,https://www.oddsportal.com/soccer/england/championship/stoke-city-birmingham-fiHsBC2B/,Championship,"Sunday, 04 Oct  2020, 14:00",Stoke - Birmingham,,England
1601207329-123,https://www.oddsportal.com/soccer/england/championship/,Birmingham - Sheffield Wed,https://www.oddsportal.com/soccer/england/championship/birmingham-sheffield-wed-M11M3Ufo/,Championship,"Saturday, 17 Oct  2020, 14:00",Birmingham - Sheffield Wed,,England
1601207541-155,https://www.oddsportal.com/soccer/england/premier-league/,Newcastle - Burnley,https://www.oddsportal.com/soccer/england/premier-league/newcastle-utd-burnley-25pOM5iE/,Premier League,"Saturday, 03 Oct  2020, 19:00",Newcastle - Burnley,,England
1601207323-122,https://www.oddsportal.com/soccer/england/championship/,Blackburn - Nottingham,https://www.oddsportal.com/soccer/england/championship/blackburn-nottingham-4QQ6BtEi/,Championship,"Saturday, 17 Oct  2020, 14:00",Blackburn - Nottingham,,England
1601207125-94,https://www.oddsportal.com/soccer/italy/serie-a/,Spezia - Sassuolo,https://www.oddsportal.com/soccer/italy/serie-a/spezia-sassuolo-dftLjwQd/,Serie A,"Today, 27 Sep  2020, 10:30",Spezia - Sassuolo,The match has already started.,Italy
1601207113-92,https://www.oddsportal.com/soccer/italy/serie-a/,Crotone - AC Milan,https://www.oddsportal.com/soccer/italy/serie-a/crotone-ac-milan-8tSdnOYA/,Serie A,"Today, 27 Sep  2020, 16:00",Crotone - AC Milan,,Italy
1601206993-74,https://www.oddsportal.com/soccer/germany/bundesliga/,Freiburg - Wolfsburg,https://www.oddsportal.com/soccer/germany/bundesliga/freiburg-wolfsburg-KMWpyMxr/,Bundesliga,"Today, 27 Sep  2020, 16:00",Freiburg - Wolfsburg,,Germany
1601207193-103,https://www.oddsportal.com/soccer/france/ligue-1/,Nice - Nantes,https://www.oddsportal.com/soccer/france/ligue-1/nice-nantes-G84MfMll/,Ligue 1,"Saturday, 03 Oct  2020, 19:00",Nice - Nantes,,France
1601206801-46,https://www.oddsportal.com/soccer/netherlands/eredivisie/,Twente - FC Emmen,https://www.oddsportal.com/soccer/netherlands/eredivisie/twente-fc-emmen-KznAXS2q/,Eredivisie,"Saturday, 03 Oct  2020, 19:00",Twente - FC Emmen,,Netherlands
1601207412-136,https://www.oddsportal.com/soccer/england/championship/,Norwich - Derby,https://www.oddsportal.com/soccer/england/championship/norwich-derby-MPw1bZI5/,Championship,"Saturday, 03 Oct  2020, 11:30",Norwich - Derby,,England
1601206922-63,https://www.oddsportal.com/soccer/germany/bundesliga/,Freiburg - Werder Bremen,https://www.oddsportal.com/soccer/germany/bundesliga/freiburg-werder-bremen-Sjhajhrn/,Bundesliga,"Saturday, 17 Oct  2020, 13:30",Freiburg - Werder Bremen,,Germany
1601207043-81,https://www.oddsportal.com/soccer/italy/serie-a/,Atalanta - Cagliari,https://www.oddsportal.com/soccer/italy/serie-a/atalanta-cagliari-rBrXmyAF/,Serie A,"Sunday, 04 Oct  2020, 10:30",Atalanta - Cagliari,,Italy
1601207455-142,https://www.oddsportal.com/soccer/england/premier-league/,Newcastle - Manchester Utd,https://www.oddsportal.com/soccer/england/premier-league/newcastle-utd-manchester-united-MTZMAabJ/,Premier League,"Saturday, 17 Oct  2020, 14:00",Newcastle - Manchester Utd,,England
1601207443-140,https://www.oddsportal.com/soccer/england/premier-league/,West Brom - Burnley,https://www.oddsportal.com/soccer/england/premier-league/west-brom-burnley-KKDRDVPt/,Premier League,"Saturday, 17 Oct  2020, 14:00",West Brom - Burnley,,England
1601206638-23,https://www.oddsportal.com/soccer/russia/premier-league/,Ural - CSKA Moscow,https://www.oddsportal.com/soccer/russia/premier-league/ural-cska-moscow-CEv13HRi/,Premier League,"Saturday, 03 Oct  2020, 13:30",Ural - CSKA Moscow,,Russia
1601207144-96,https://www.oddsportal.com/soccer/france/ligue-1/,Lyon - Marseille,https://www.oddsportal.com/soccer/france/ligue-1/lyon-marseille-IXOo1OBK/,Ligue 1,"Sunday, 04 Oct  2020, 19:00",Lyon - Marseille,,France
1601207172-100,https://www.oddsportal.com/soccer/france/ligue-1/,Brest - Monaco,https://www.oddsportal.com/soccer/france/ligue-1/brest-monaco-OdAr24dE/,Ligue 1,"Sunday, 04 Oct  2020, 13:00",Brest - Monaco,,France
1601206498-2,https://www.oddsportal.com/soccer/spain/laliga/,Celta Vigo - Barcelona,https://www.oddsportal.com/soccer/spain/laliga/celta-vigo-barcelona-4UpcrAIG/,LaLiga,"Thursday, 01 Oct  2020, 19:30",Celta Vigo - Barcelona,,Spain
1601206580-15,https://www.oddsportal.com/soccer/spain/laliga/,Eibar - Ath Bilbao,https://www.oddsportal.com/soccer/spain/laliga/eibar-ath-bilbao-j5qmHXJH/,LaLiga,"Today, 27 Sep  2020, 12:00",Eibar - Ath Bilbao,,Spain
1601206594-17,https://www.oddsportal.com/soccer/spain/laliga/,,https://www.oddsportal.com/soccer/spain/laliga/osasuna-levante-nXxdFBlU/inplay-odds/,Spain,"Today, 27 Sep  2020, 10:00",Osasuna - Levante,The match has already started.,Soccer
1601207599-164,https://www.oddsportal.com/soccer/england/premier-league/,Sheffield Utd - Leeds,https://www.oddsportal.com/soccer/england/premier-league/sheffield-utd-leeds-YPnboqV7/,Premier League,"Today, 27 Sep  2020, 11:00",Sheffield Utd - Leeds,The match has already started.,England
1601207487-147,https://www.oddsportal.com/soccer/england/premier-league/,Crystal Palace - Brighton,https://www.oddsportal.com/soccer/england/premier-league/crystal-palace-brighton-Ecq2FNql/,Premier League,"Saturday, 17 Oct  2020, 14:00",Crystal Palace - Brighton,,England
1601207399-134,https://www.oddsportal.com/soccer/england/championship/,Brentford - Preston,https://www.oddsportal.com/soccer/england/championship/brentford-preston-rJjZqz4C/,Championship,"Saturday, 03 Oct  2020, 14:00",Brentford - Preston,,England
1601206718-34,https://www.oddsportal.com/soccer/scotland/premiership/,Kilmarnock - Motherwell,https://www.oddsportal.com/soccer/scotland/premiership/kilmarnock-motherwell-juSc3Fa6/,Premiership,"Friday, 02 Oct  2020, 18:45",Kilmarnock - Motherwell,,Scotland
1601207468-144,https://www.oddsportal.com/soccer/england/premier-league/,Leicester - Aston Villa,https://www.oddsportal.com/soccer/england/premier-league/leicester-aston-villa-lGyFCLT6/,Premier League,"Saturday, 17 Oct  2020, 14:00",Leicester - Aston Villa,,England
1601207087-88,https://www.oddsportal.com/soccer/italy/serie-a/,Benevento - Inter,https://www.oddsportal.com/soccer/italy/serie-a/benevento-inter-YHn363FK/,Serie A,"Wednesday, 30 Sep  2020, 16:00",Benevento - Inter,,Italy
1601206679-29,https://www.oddsportal.com/soccer/russia/premier-league/,Akhmat Grozny - Ural,https://www.oddsportal.com/soccer/russia/premier-league/akhmat-grozny-ural-tCy6XGsO/,Premier League,"Today, 27 Sep  2020, 13:30",Akhmat Grozny - Ural,,Russia
1601207474-145,https://www.oddsportal.com/soccer/england/premier-league/,Leeds - Wolves,https://www.oddsportal.com/soccer/england/premier-league/leeds-wolves-zDXAD1E0/,Premier League,"Saturday, 17 Oct  2020, 14:00",Leeds - Wolves,,England
1601207119-93,https://www.oddsportal.com/soccer/italy/serie-a/,Verona - Udinese,https://www.oddsportal.com/soccer/italy/serie-a/verona-udinese-4KqTlHf9/,Serie A,"Today, 27 Sep  2020, 13:00",Verona - Udinese,,Italy
1601207386-132,https://www.oddsportal.com/soccer/england/championship/,Middlesbrough - Barnsley,https://www.oddsportal.com/soccer/england/championship/middlesbrough-barnsley-2NNa0elg/,Championship,"Saturday, 03 Oct  2020, 14:00",Middlesbrough - Barnsley,,England
1601206656-26,https://www.oddsportal.com/soccer/russia/premier-league/,Khimki - Dynamo Moscow,https://www.oddsportal.com/soccer/russia/premier-league/khimki-dynamo-moscow-Wt4SlICb/,Premier League,"Tomorrow, 28 Sep  2020, 16:00",Khimki - Dynamo Moscow,,Russia
1601206839-52,https://www.oddsportal.com/soccer/netherlands/eredivisie/,FC Emmen - Willem II,https://www.oddsportal.com/soccer/netherlands/eredivisie/fc-emmen-willem-ii-ELmSuie3/,Eredivisie,"Today, 27 Sep  2020, 14:45",FC Emmen - Willem II,,Netherlands
