HT,AT,League,Date,FTHG,FTAG,HxG,AxG,HShots,AShots,HST,AST,HDEEP,ADEEP,HPPDA,APPDA,HxPTS,AxPTS
Arsenal Tula,Ural,RFPL,2020-10-18,1,0,0.62,0.51,9,11,1,4,7,8,8.2,9.05,1.38,1.19
Newcastle United,Brighton,Premier_League,2020-09-20,0,3,0.52,1.88,6,13,0,6,3,3,11.95,10.84,0.31,2.51
Eibar,Osasuna,La_Liga,2020-10-18,0,0,0.37,1.26,10,8,6,2,3,6,10.38,6.0,0.53,2.21
West Ham,Manchester City,Premier_League,2020-10-24,1,1,0.26,0.89,6,14,2,7,2,13,20.3,13.08,0.68,1.94
Lazio,Inter,Serie_A,2020-10-04,1,1,1.21,0.72,12,12,4,3,1,8,11.92,9.42,1.77,0.93
Fulham,Crystal Palace,Premier_League,2020-10-24,1,2,1.05,2.81,16,14,3,10,8,9,6.24,21.53,0.33,2.54
Zenit St. Petersburg,FC Ufa,RFPL,2020-09-26,6,0,2.82,0.46,23,6,8,4,16,5,31.57,32.27,2.79,0.13
Bayer Leverkusen,Augsburg,Bundesliga,2020-10-26,3,1,2.63,0.34,16,6,8,3,6,3,7.5,19.88,2.85,0.09
West Bromwich Albion,Chelsea,Premier_League,2020-09-26,3,3,0.91,2.36,9,22,3,10,3,12,40.82,4.52,0.41,2.42
Parma Calcio 1913,Napoli,Serie_A,2020-09-20,0,2,0.16,1.54,6,17,2,6,7,7,19.42,12.17,0.16,2.72
Ural,Khimki,RFPL,2020-09-12,3,1,1.8,1.07,10,12,6,4,5,7,8.93,14.33,2.01,0.74
Cadiz,Osasuna,La_Liga,2020-09-12,0,2,0.6,0.63,12,6,3,4,4,5,6.67,6.74,1.25,1.34
Bayer Leverkusen,RasenBallsport Leipzig,Bundesliga,2020-09-26,1,1,0.91,1.2,11,7,4,2,5,3,6.77,12.48,1.08,1.59
Parma Calcio 1913,Spezia,Serie_A,2020-10-25,2,2,3.67,0.97,17,14,6,6,6,6,12.91,8.84,2.79,0.15
Strasbourg,Lille,Ligue_1,2020-10-04,0,3,0.84,1.96,14,12,3,6,10,8,11.86,10.22,0.52,2.28
Borussia Dortmund,Schalke 04,Bundesliga,2020-10-24,3,0,1.48,0.24,18,3,7,0,16,1,9.29,18.08,2.4,0.38
Athletic Club,Levante,La_Liga,2020-10-18,2,0,2.07,0.28,14,6,5,1,9,5,7.12,10.58,2.73,0.16
Fiorentina,Torino,Serie_A,2020-09-19,1,0,2.35,0.62,16,6,5,3,9,2,9.47,6.86,2.62,0.25
Barcelona,Real Madrid,La_Liga,2020-10-24,1,3,1.57,3.21,10,15,4,9,5,8,11.75,13.5,0.43,2.42
Lokomotiv Moscow,FK Akhmat,RFPL,2020-08-26,2,3,1.93,1.24,17,10,5,5,11,9,5.91,9.12,1.91,0.84
Zenit St. Petersburg,CSKA Moscow,RFPL,2020-08-19,2,1,1.18,0.68,16,13,7,4,22,7,12.43,15.79,1.78,0.91
PFC Sochi,Rubin Kazan,RFPL,2020-08-18,3,2,1.69,2.17,11,18,6,7,4,3,15.81,8.44,1.05,1.7
Osasuna,Athletic Club,La_Liga,2020-10-24,1,0,0.99,0.58,7,13,2,5,3,5,11.04,6.59,1.83,0.83
Napoli,Atalanta,Serie_A,2020-10-17,4,1,1.17,0.64,19,13,11,4,7,1,16.16,7.53,1.79,0.9
Rennes,Montpellier,Ligue_1,2020-08-29,2,1,1.79,0.49,16,11,7,3,7,2,5.11,13.27,2.35,0.45
Montpellier,Reims,Ligue_1,2020-10-25,0,4,0.14,4.33,5,24,1,9,0,15,51.38,13.0,0.0,3.0
Lens,Saint-Etienne,Ligue_1,2020-10-03,2,0,2.13,0.09,13,2,5,1,8,0,3.1,22.0,2.86,0.08
Eintracht Frankfurt,Arminia Bielefeld,Bundesliga,2020-09-19,1,1,2.47,0.62,18,13,6,4,9,2,6.77,12.44,2.65,0.23
Udinese,Parma Calcio 1913,Serie_A,2020-10-18,3,2,1.72,0.97,16,9,4,3,9,3,11.34,10.89,1.95,0.79
Saint-Etienne,Nice,Ligue_1,2020-10-18,1,3,0.71,2.52,11,11,4,5,2,5,8.75,13.1,0.2,2.69
Arsenal Tula,Khimki,RFPL,2020-08-25,1,1,1.39,0.29,27,3,4,2,8,1,7.2,11.2,2.28,0.46
Torino,Cagliari,Serie_A,2020-10-18,2,3,1.24,1.79,13,11,6,5,4,3,8.12,15.67,0.81,1.89
FC Rostov,Zenit St. Petersburg,RFPL,2020-08-15,0,2,0.6,1.68,19,14,4,6,6,9,11.95,6.07,0.43,2.36
AC Milan,Spezia,Serie_A,2020-10-04,3,0,2.65,0.15,17,4,5,2,11,1,6.32,14.64,2.93,0.04
FC Tambov,PFC Sochi,RFPL,2020-08-25,0,1,0.7,2.17,11,16,1,6,2,5,24.36,14.12,0.31,2.54
Rubin Kazan,Lokomotiv Moscow,RFPL,2020-08-11,0,2,1.53,1.17,14,12,3,5,3,9,18.65,9.22,1.68,1.02
Sheffield United,Leeds,Premier_League,2020-09-27,0,1,1.53,1.47,15,17,5,9,11,2,11.55,8.94,1.45,1.28
FC Tambov,Khimki,RFPL,2020-08-18,1,0,1.33,0.67,5,20,2,3,0,5,14.25,8.22,2.04,0.68
CSKA Moscow,Rubin Kazan,RFPL,2020-08-22,1,2,0.87,0.92,20,14,7,6,8,7,8.83,13.12,1.29,1.38
Bologna,Sassuolo,Serie_A,2020-10-18,3,4,1.45,3.24,14,25,6,12,6,10,6.29,7.6,0.44,2.43
Celta Vigo,Barcelona,La_Liga,2020-10-01,0,3,0.57,0.93,10,7,3,4,5,7,7.65,11.28,0.92,1.72
Lokomotiv Moscow,FC Ufa,RFPL,2020-10-17,1,0,0.94,0.12,12,2,5,0,6,3,12.42,11.73,2.18,0.47
Arsenal Tula,FC Rostov,RFPL,2020-09-27,2,3,0.79,1.78,15,8,4,5,4,1,4.0,10.93,0.56,2.22
Real Sociedad,Valencia,La_Liga,2020-09-29,0,1,0.59,0.84,11,9,3,5,12,4,7.19,11.33,1.01,1.61
Zenit St. Petersburg,FC Tambov,RFPL,2020-08-22,4,1,3.73,0.3,25,6,10,4,13,2,8.62,29.44,2.96,0.03
Liverpool,Sheffield United,Premier_League,2020-10-24,2,1,2.4,1.4,17,13,5,2,7,8,14.17,19.65,2.17,0.62
Lorient,Lens,Ligue_1,2020-09-13,2,3,0.92,1.99,6,12,3,6,3,8,6.91,7.15,0.49,2.26
Villarreal,Alaves,La_Liga,2020-09-30,3,1,2.66,0.62,10,8,6,3,6,3,7.47,10.88,2.79,0.13
Osasuna,Celta Vigo,La_Liga,2020-10-04,2,0,1.12,0.36,13,9,5,3,6,8,7.14,5.52,2.11,0.59
Lyon,Marseille,Ligue_1,2020-10-04,1,1,3.14,0.38,24,3,3,1,13,2,7.0,21.3,2.89,0.06
Torino,Atalanta,Serie_A,2020-09-26,2,4,0.77,2.47,7,19,4,7,3,14,11.72,10.8,0.35,2.49
Aston Villa,Leeds,Premier_League,2020-10-23,0,3,1.5,2.38,12,27,4,9,7,20,13.24,3.65,0.82,1.97
Southampton,Tottenham,Premier_League,2020-09-20,2,5,2.28,2.28,14,9,7,6,4,3,8.67,10.78,1.34,1.39
Chelsea,Crystal Palace,Premier_League,2020-10-03,4,0,2.51,0.1,17,4,6,0,5,2,4.45,25.88,2.93,0.04
Barcelona,Sevilla,La_Liga,2020-10-04,1,1,1.06,1.26,12,13,5,1,3,2,15.83,11.21,1.16,1.53
Real Madrid,Cadiz,La_Liga,2020-10-17,0,1,1.14,1.77,14,14,2,5,10,2,6.5,23.57,0.9,1.84
Montpellier,Angers,Ligue_1,2020-09-20,4,1,1.94,0.77,14,14,9,3,4,5,17.95,17.17,2.25,0.55
FC Tambov,FC Ufa,RFPL,2020-09-12,2,0,0.85,0.34,8,9,4,3,4,7,16.71,13.53,1.83,0.78
Levante,Real Madrid,La_Liga,2020-10-04,0,2,0.58,1.88,11,13,4,3,6,13,10.19,7.82,0.42,2.4
Metz,Reims,Ligue_1,2020-09-20,2,1,1.71,1.18,14,10,4,4,3,6,4.76,14.25,1.84,0.86
Fiorentina,Udinese,Serie_A,2020-10-25,3,2,1.2,2.69,5,16,3,6,5,8,12.4,6.4,0.36,2.47
Ural,Lokomotiv Moscow,RFPL,2020-08-19,1,1,0.58,2.72,5,21,1,8,4,10,15.36,17.67,0.18,2.73
Hoffenheim,Borussia Dortmund,Bundesliga,2020-10-17,0,1,0.88,1.85,9,15,3,5,3,15,13.63,10.96,0.66,2.11
FC Ufa,CSKA Moscow,RFPL,2020-09-20,0,1,0.37,2.52,12,23,3,10,2,15,10.57,7.59,0.17,2.73
Dijon,Rennes,Ligue_1,2020-10-16,1,1,1.11,0.77,12,12,4,3,2,8,10.45,8.22,1.66,1.02
Angers,Brest,Ligue_1,2020-09-27,3,2,1.12,2.36,12,14,5,6,3,7,8.5,7.75,0.54,2.27
Villarreal,Eibar,La_Liga,2020-09-19,2,1,2.99,1.11,14,12,8,4,6,1,7.63,8.93,2.57,0.31
Sheffield United,Wolverhampton Wanderers,Premier_League,2020-09-14,0,2,0.95,1.61,9,11,2,4,10,3,8.23,31.33,0.8,1.91
Bordeaux,Lyon,Ligue_1,2020-09-11,0,0,0.23,1.8,5,20,0,3,2,13,15.88,5.15,0.26,2.57
Sheffield United,Fulham,Premier_League,2020-10-18,1,1,1.66,1.36,10,15,6,6,1,1,15.17,12.71,1.63,1.05
Ural,Zenit St. Petersburg,RFPL,2020-09-19,1,1,0.6,1.49,8,18,2,6,8,5,10.75,14.74,0.64,2.09
Tottenham,Everton,Premier_League,2020-09-13,0,1,0.82,1.27,9,15,5,4,9,5,11.33,16.26,0.96,1.74
Bayern Munich,Eintracht Frankfurt,Bundesliga,2020-10-24,5,0,3.81,0.43,20,8,9,2,12,1,10.0,16.91,2.92,0.05
Chelsea,Southampton,Premier_League,2020-10-17,3,3,1.99,1.42,11,13,5,6,11,5,10.91,14.61,1.84,0.88
FC Cologne,Borussia M.Gladbach,Bundesliga,2020-10-03,1,3,0.24,2.06,8,15,2,11,2,12,12.94,7.06,0.16,2.73
Benevento,Napoli,Serie_A,2020-10-25,1,2,0.65,2.27,9,19,3,5,4,11,17.3,6.31,0.35,2.49
Atletico Madrid,Real Betis,La_Liga,2020-10-24,2,0,1.24,1.02,13,12,6,3,8,5,10.97,7.0,1.51,1.18
Hertha Berlin,Eintracht Frankfurt,Bundesliga,2020-09-25,1,3,1.56,1.62,12,11,6,3,3,6,13.44,15.8,1.31,1.39
Juventus,Verona,Serie_A,2020-10-25,1,1,2.18,0.6,22,6,6,2,14,7,8.38,12.19,2.47,0.37
West Ham,Newcastle United,Premier_League,2020-09-12,0,2,0.86,1.66,15,15,3,2,5,10,6.41,24.18,0.7,2.05
Lokomotiv Moscow,FC Tambov,RFPL,2020-09-20,1,0,1.21,0.18,11,5,6,2,5,4,8.35,12.89,2.35,0.39
Schalke 04,Union Berlin,Bundesliga,2020-10-18,1,1,0.25,0.83,8,11,4,6,1,2,12.8,21.33,0.67,1.94
Everton,West Bromwich Albion,Premier_League,2020-09-19,5,2,4.16,0.32,17,6,7,4,6,6,9.1,41.5,2.99,0.0
FC Tambov,Arsenal Tula,RFPL,2020-10-03,1,1,2.19,0.35,16,11,6,5,8,3,7.16,10.73,2.71,0.19
Rubin Kazan,FK Akhmat,RFPL,2020-10-04,1,1,0.95,0.98,10,8,5,2,8,11,7.69,6.8,1.25,1.37
Marseille,Saint-Etienne,Ligue_1,2020-09-17,0,2,2.65,1.03,13,12,2,5,10,4,8.77,10.17,2.44,0.41
Aston Villa,Liverpool,Premier_League,2020-10-04,7,2,3.08,1.66,18,14,11,8,7,18,14.6,4.76,2.26,0.58
Monaco,Reims,Ligue_1,2020-08-23,2,2,2.68,1.83,22,9,5,3,14,3,3.79,21.19,1.94,0.86
Arsenal,Sheffield United,Premier_League,2020-10-04,2,1,0.67,0.14,6,6,5,2,4,3,13.92,19.35,1.89,0.66
VfB Stuttgart,FC Cologne,Bundesliga,2020-10-23,1,1,0.72,2.38,9,15,4,4,4,3,11.95,16.9,0.29,2.58
Mainz 05,Bayer Leverkusen,Bundesliga,2020-10-17,0,1,0.21,0.45,6,9,0,5,3,2,8.68,14.53,0.94,1.5
Arsenal,Leicester,Premier_League,2020-10-25,0,1,0.74,0.74,12,6,4,2,5,2,11.0,26.21,1.27,1.35
Lens,Bordeaux,Ligue_1,2020-09-19,2,1,3.02,0.36,19,7,5,3,6,2,10.0,11.76,2.87,0.08
Leeds,Manchester City,Premier_League,2020-10-03,1,1,2.57,1.42,12,23,7,2,5,10,7.83,11.38,2.16,0.66
Alaves,Elche,La_Liga,2020-10-18,0,2,0.91,0.9,13,7,2,3,9,1,9.43,12.32,1.31,1.34
SD Huesca,Atletico Madrid,La_Liga,2020-09-30,0,0,0.63,1.79,9,16,3,2,3,11,15.43,8.91,0.49,2.31
Inter,Fiorentina,Serie_A,2020-09-26,4,3,1.7,2.25,20,10,7,4,17,9,5.22,24.21,0.99,1.79
Zenit St. Petersburg,Arsenal Tula,RFPL,2020-09-14,3,1,3.11,0.44,22,14,5,4,10,3,12.78,13.74,2.84,0.1
Elche,Valencia,La_Liga,2020-10-23,2,1,0.17,1.24,3,14,2,4,1,8,15.83,11.41,0.33,2.43
Lazio,Bologna,Serie_A,2020-10-24,2,1,1.43,1.76,10,21,3,5,3,9,9.21,8.97,1.13,1.61
Eintracht Frankfurt,Hoffenheim,Bundesliga,2020-10-03,2,1,3.57,0.77,16,12,8,4,10,6,12.27,17.6,2.88,0.08
Real Valladolid,Alaves,La_Liga,2020-10-25,0,2,0.31,2.31,5,14,1,4,5,4,19.38,11.33,0.13,2.79
Elche,Real Sociedad,La_Liga,2020-09-26,0,3,1.24,3.37,5,27,2,7,2,13,23.64,7.62,0.23,2.66
Bayern Munich,Hertha Berlin,Bundesliga,2020-10-04,4,3,3.99,1.25,22,10,9,5,11,1,4.13,12.17,2.82,0.13
Roma,Juventus,Serie_A,2020-09-27,2,2,2.82,1.91,11,8,5,3,6,3,13.38,9.24,2.05,0.73
Borussia Dortmund,Borussia M.Gladbach,Bundesliga,2020-09-19,3,0,1.7,0.51,10,8,4,2,7,5,28.77,12.1,2.41,0.38
West Bromwich Albion,Burnley,Premier_League,2020-10-19,0,0,0.73,1.09,13,9,6,4,3,2,8.25,13.32,0.99,1.68
Eibar,Athletic Club,La_Liga,2020-09-27,1,2,0.33,0.51,7,9,1,5,0,5,5.89,7.39,1.05,1.44
Nimes,Brest,Ligue_1,2020-08-23,4,0,2.15,0.47,12,10,5,3,7,4,8.21,6.07,2.56,0.29
Bordeaux,Nimes,Ligue_1,2020-10-25,2,0,1.93,0.71,20,8,6,4,5,5,12.26,11.03,2.33,0.47
Sevilla,Levante,La_Liga,2020-10-01,1,0,1.05,0.38,16,3,2,1,8,0,6.5,13.08,1.95,0.71
Villarreal,SD Huesca,La_Liga,2020-09-13,1,1,2.02,0.56,15,8,4,2,11,3,5.62,13.24,2.48,0.35
Fulham,Arsenal,Premier_League,2020-09-12,0,3,0.13,2.16,5,13,2,6,0,11,32.69,21.93,0.06,2.89
Leeds,Wolverhampton Wanderers,Premier_League,2020-10-19,0,1,1.08,0.62,13,7,2,3,14,2,5.5,12.0,1.75,0.91
Mainz 05,VfB Stuttgart,Bundesliga,2020-09-26,1,4,1.04,2.97,12,15,2,7,3,8,11.26,9.88,0.26,2.62
Granada,Athletic Club,La_Liga,2020-09-12,2,0,0.55,0.48,4,9,2,2,2,3,17.94,6.82,1.39,1.16
Udinese,Roma,Serie_A,2020-10-03,0,1,1.67,0.76,10,13,4,3,2,4,16.11,8.1,2.11,0.65
Lorient,Strasbourg,Ligue_1,2020-08-23,3,1,3.07,0.33,10,7,7,1,2,4,7.17,17.4,2.92,0.05
Crystal Palace,Brighton,Premier_League,2020-10-18,1,1,0.76,1.09,1,20,1,3,1,7,13.59,6.39,1.1,1.53
Lille,Rennes,Ligue_1,2020-08-22,1,1,0.4,1.3,5,16,1,3,1,6,16.5,23.07,0.54,2.18
Khimki,Dinamo Moscow,RFPL,2020-09-28,1,0,1.59,1.7,12,26,4,9,8,12,12.17,7.28,1.31,1.42
Manchester United,Tottenham,Premier_League,2020-10-04,1,6,0.87,3.3,5,22,2,8,3,8,19.88,6.68,0.13,2.79
SD Huesca,Real Valladolid,La_Liga,2020-10-18,2,2,1.25,0.91,12,5,7,3,2,0,9.91,10.09,1.61,1.05
Hoffenheim,Bayern Munich,Bundesliga,2020-09-27,4,1,2.52,1.17,17,16,8,4,6,11,13.12,5.82,2.31,0.52
Union Berlin,Freiburg,Bundesliga,2020-10-24,1,1,1.28,0.27,18,8,7,4,1,1,13.82,10.64,2.35,0.41
PFC Sochi,Ural,RFPL,2020-08-30,0,0,0.41,0.65,13,10,1,2,5,5,11.57,14.06,1.03,1.53
Atalanta,Cagliari,Serie_A,2020-10-04,5,2,3.61,0.66,21,12,12,3,15,6,10.45,15.32,2.88,0.07
Inter,AC Milan,Serie_A,2020-10-17,1,2,2.55,2.06,19,11,6,4,14,4,6.82,8.79,1.71,1.05
Nice,Lens,Ligue_1,2020-08-23,2,1,0.18,3.04,4,17,2,4,3,5,7.27,12.41,0.02,2.96
RasenBallsport Leipzig,Mainz 05,Bundesliga,2020-09-20,3,1,3.23,1.07,23,9,10,1,14,2,6.19,29.59,2.63,0.25
Real Betis,Real Sociedad,La_Liga,2020-10-18,0,3,0.3,1.58,7,8,1,5,0,5,10.5,10.77,0.29,2.54
Lorient,Marseille,Ligue_1,2020-10-24,0,1,0.85,0.88,12,15,3,3,2,4,9.78,4.82,1.31,1.35
Brest,Marseille,Ligue_1,2020-08-30,2,3,2.13,1.32,19,7,4,4,11,3,6.34,14.33,1.99,0.77
Manchester United,Crystal Palace,Premier_League,2020-09-19,1,3,1.1,1.91,17,14,4,5,9,4,3.31,13.59,0.75,2.02
RasenBallsport Leipzig,Schalke 04,Bundesliga,2020-10-03,4,0,3.26,0.22,21,5,7,1,10,0,4.04,42.67,2.94,0.04
Fulham,Aston Villa,Premier_League,2020-09-28,0,3,0.53,2.03,16,12,3,5,5,10,5.96,9.3,0.37,2.46
Nice,Lille,Ligue_1,2020-10-25,1,1,0.87,0.89,8,12,3,4,3,5,13.17,13.55,1.31,1.34
Real Valladolid,Celta Vigo,La_Liga,2020-09-27,1,1,1.52,1.08,10,5,4,1,3,3,4.08,6.58,1.73,0.96
Nimes,Rennes,Ligue_1,2020-09-13,2,4,1.01,2.09,16,10,9,6,2,5,9.54,12.11,0.59,2.21
FC Rotor Volgograd,Rubin Kazan,RFPL,2020-09-27,1,3,0.76,3.13,7,27,2,7,4,15,22.92,4.89,0.16,2.75
Crystal Palace,Everton,Premier_League,2020-09-26,1,2,0.44,2.27,8,10,1,5,4,3,12.03,7.3,0.19,2.7
Bologna,Parma Calcio 1913,Serie_A,2020-09-28,4,1,2.05,1.24,12,9,8,3,7,3,7.36,10.57,1.96,0.81
Manchester City,Leicester,Premier_League,2020-09-27,2,5,1.45,2.87,16,7,5,7,5,3,5.33,25.08,0.42,2.43
Bordeaux,Nice,Ligue_1,2020-09-27,0,0,1.18,0.65,18,13,5,2,5,9,17.71,10.26,1.82,0.87
CSKA Moscow,Spartak Moscow,RFPL,2020-09-13,3,1,0.85,0.78,10,14,5,4,4,10,8.53,8.72,1.33,1.3
Freiburg,Werder Bremen,Bundesliga,2020-10-17,1,1,1.06,1.66,20,13,4,4,14,2,9.05,13.52,0.86,1.88
FC Ufa,FC Krasnodar,RFPL,2020-08-09,0,3,0.32,2.15,5,24,2,11,5,14,24.14,4.96,0.16,2.74
Lazio,Atalanta,Serie_A,2020-09-30,1,4,1.8,1.9,14,10,6,6,9,6,8.07,16.91,1.31,1.44
Osasuna,Levante,La_Liga,2020-09-27,1,3,0.72,2.99,8,11,4,5,1,8,9.87,6.0,0.13,2.79
Spezia,Sassuolo,Serie_A,2020-09-27,1,4,1.29,2.65,12,17,5,6,6,16,27.94,7.26,0.53,2.28
Newcastle United,Manchester United,Premier_League,2020-10-17,1,4,0.87,2.22,7,28,4,14,3,12,12.14,6.06,0.42,2.38
Sampdoria,Lazio,Serie_A,2020-10-17,3,0,1.83,0.45,12,10,7,0,8,8,14.4,12.65,2.49,0.34
Crotone,Juventus,Serie_A,2020-10-17,1,1,1.4,1.58,10,11,3,2,7,5,12.04,11.18,1.14,1.5
Real Madrid,Real Valladolid,La_Liga,2020-09-30,1,0,2.65,0.54,15,11,5,5,9,2,11.21,17.74,2.76,0.16
Alaves,Getafe,La_Liga,2020-09-26,0,0,0.87,1.31,9,11,0,4,3,2,6.43,8.69,0.97,1.74
Zenit St. Petersburg,PFC Sochi,RFPL,2020-10-17,3,1,1.13,1.0,10,10,6,3,5,7,17.36,15.18,1.45,1.22
Monaco,Montpellier,Ligue_1,2020-10-18,1,1,1.8,0.11,21,3,7,2,19,0,2.37,35.88,2.76,0.13
Wolfsburg,Augsburg,Bundesliga,2020-10-04,0,0,1.32,1.81,19,8,6,1,7,4,6.28,15.13,0.93,1.82
Rubin Kazan,FC Ufa,RFPL,2020-08-26,3,0,3.45,0.39,20,12,11,3,7,2,13.82,23.45,2.94,0.03
FC Cologne,Eintracht Frankfurt,Bundesliga,2020-10-18,1,1,1.42,1.55,9,17,5,4,4,10,7.53,8.81,1.23,1.47
Newcastle United,Burnley,Premier_League,2020-10-03,3,1,1.96,0.44,10,7,5,3,4,10,20.75,9.42,2.61,0.25
FC Krasnodar,Khimki,RFPL,2020-09-18,7,2,5.32,0.98,28,6,16,2,25,2,7.17,21.0,2.97,0.02
Strasbourg,Dijon,Ligue_1,2020-09-20,1,0,2.38,0.49,17,5,6,2,10,5,13.45,20.18,2.68,0.21
Leicester,Aston Villa,Premier_League,2020-10-18,0,1,0.67,0.87,11,10,5,4,4,7,8.75,9.22,1.11,1.53
Genoa,Inter,Serie_A,2020-10-24,0,2,0.01,1.64,1,14,0,4,0,8,16.64,6.76,0.12,2.76
Ural,CSKA Moscow,RFPL,2020-10-03,0,2,0.31,0.97,8,12,1,3,6,12,9.35,28.22,0.68,1.96
Lille,Metz,Ligue_1,2020-09-13,1,0,0.81,0.74,17,5,7,1,9,2,6.03,13.09,1.33,1.29
Ural,FC Krasnodar,RFPL,2020-08-22,1,0,1.24,1.35,12,15,4,6,4,9,24.0,8.71,1.26,1.45
Lille,Nantes,Ligue_1,2020-09-25,2,0,2.09,0.66,12,12,4,7,9,2,8.0,10.1,2.49,0.35
Manchester City,Arsenal,Premier_League,2020-10-17,1,0,1.43,0.84,13,11,5,3,7,3,13.52,20.35,1.87,0.84
Wolfsburg,Bayer Leverkusen,Bundesliga,2020-09-20,0,0,1.28,0.44,9,7,1,3,7,8,11.65,11.88,2.15,0.57
Reims,Lorient,Ligue_1,2020-10-17,1,3,0.27,2.81,6,14,3,4,3,4,9.56,5.81,0.04,2.94
Lyon,Nimes,Ligue_1,2020-09-18,0,0,1.63,0.71,15,10,3,3,10,2,2.91,13.52,2.15,0.61
Athletic Club,Cadiz,La_Liga,2020-10-01,0,1,0.55,0.26,13,3,4,1,5,4,4.4,11.57,1.55,0.94
Everton,Brighton,Premier_League,2020-10-03,4,2,2.34,1.17,11,11,6,3,10,7,9.06,9.17,2.26,0.53
Bordeaux,Dijon,Ligue_1,2020-10-04,3,0,1.5,0.24,17,5,7,1,2,2,9.26,13.12,2.47,0.33
FC Rostov,Lokomotiv Moscow,RFPL,2020-09-14,0,0,0.93,0.34,11,7,3,1,10,2,8.09,12.76,1.97,0.68
Union Berlin,Mainz 05,Bundesliga,2020-10-02,4,0,2.07,0.19,11,5,7,0,1,2,11.08,13.35,2.72,0.17
Borussia M.Gladbach,Wolfsburg,Bundesliga,2020-10-17,1,1,2.11,1.34,13,15,2,6,6,4,8.13,9.37,1.98,0.79
Zenit St. Petersburg,Rubin Kazan,RFPL,2020-10-24,1,2,1.05,0.97,8,9,2,2,8,2,5.1,20.93,1.41,1.26
West Bromwich Albion,Leicester,Premier_League,2020-09-13,0,3,0.35,2.96,7,13,1,7,6,3,19.11,10.53,0.06,2.91
Udinese,Spezia,Serie_A,2020-09-30,0,2,1.87,0.81,13,4,3,2,11,0,14.13,12.94,2.21,0.56
Eibar,Elche,La_Liga,2020-09-30,0,1,1.06,0.38,12,5,4,2,6,4,4.0,12.8,2.13,0.57
CSKA Moscow,Arsenal Tula,RFPL,2020-10-26,5,1,2.66,0.84,23,6,8,2,21,4,8.33,17.73,2.6,0.26
Angers,Reims,Ligue_1,2020-09-13,1,0,2.15,0.32,20,7,7,2,2,3,15.11,18.05,2.69,0.2
Augsburg,RasenBallsport Leipzig,Bundesliga,2020-10-17,0,2,0.55,2.4,5,15,2,5,1,19,23.47,6.22,0.21,2.67
Real Betis,Real Valladolid,La_Liga,2020-09-20,2,0,1.77,0.29,16,9,6,2,1,2,6.83,9.04,2.6,0.25
Sevilla,Eibar,La_Liga,2020-10-24,0,1,1.99,0.2,21,3,3,1,5,2,5.17,15.63,2.74,0.15
Burnley,Southampton,Premier_League,2020-09-26,0,1,0.35,0.71,9,5,2,1,9,6,8.21,13.75,0.87,1.71
Marseille,Metz,Ligue_1,2020-09-26,1,1,0.86,1.11,17,14,3,3,7,0,5.32,18.95,1.13,1.56
Granada,Alaves,La_Liga,2020-09-20,2,1,2.45,0.77,10,5,3,3,3,2,5.61,12.19,2.64,0.23
Real Valladolid,Real Sociedad,La_Liga,2020-09-13,1,1,0.86,0.31,8,8,3,2,2,3,10.29,6.05,1.95,0.69
Crotone,AC Milan,Serie_A,2020-09-27,0,2,0.11,2.43,5,16,0,6,5,6,9.38,9.73,0.05,2.91
West Ham,Wolverhampton Wanderers,Premier_League,2020-09-27,4,0,3.06,0.39,15,11,7,2,1,4,21.76,8.19,2.87,0.08
Lyon,Dijon,Ligue_1,2020-08-28,4,1,3.97,0.22,27,6,12,2,15,0,6.0,28.6,2.98,0.01
Monaco,Strasbourg,Ligue_1,2020-09-27,3,2,1.56,1.41,11,11,5,5,6,3,9.09,16.1,1.46,1.25
Montpellier,Nice,Ligue_1,2020-09-12,3,1,1.7,0.38,20,9,13,1,8,0,11.68,7.26,2.41,0.39
Monaco,Nantes,Ligue_1,2020-09-13,2,1,2.27,1.11,18,7,5,2,8,5,9.07,17.0,2.15,0.64
Real Sociedad,Getafe,La_Liga,2020-10-03,3,0,2.2,0.32,11,5,6,1,1,1,4.35,7.27,2.74,0.16
Real Valladolid,Eibar,La_Liga,2020-10-03,1,2,1.09,1.69,9,11,3,5,3,2,8.0,7.68,0.79,1.9
Rubin Kazan,FC Tambov,RFPL,2020-08-30,2,2,2.1,0.73,15,7,8,3,11,2,11.41,15.83,2.39,0.43
PFC Sochi,FC Rostov,RFPL,2020-10-04,4,2,0.91,1.03,14,8,8,3,2,2,8.94,14.33,1.25,1.43
Reims,Paris Saint Germain,Ligue_1,2020-09-27,0,2,0.21,3.94,8,21,3,7,6,26,26.77,11.2,0.03,2.96
AC Milan,Roma,Serie_A,2020-10-26,3,3,2.82,2.36,13,12,8,7,11,7,13.42,17.0,1.68,1.08
Brest,Strasbourg,Ligue_1,2020-10-25,0,3,0.73,1.29,14,7,4,5,10,3,10.61,25.93,0.78,1.93
Valencia,Real Betis,La_Liga,2020-10-03,0,2,0.48,1.88,5,17,2,8,3,7,9.85,8.1,0.35,2.47
Lorient,Lyon,Ligue_1,2020-09-27,1,1,0.3,0.82,4,19,2,6,4,11,17.95,12.33,0.78,1.82
Roma,Benevento,Serie_A,2020-10-18,5,2,4.19,1.56,20,10,7,4,13,4,7.51,12.95,2.8,0.13
FK Akhmat,FC Ufa,RFPL,2020-10-25,3,1,2.54,0.42,8,6,3,1,7,3,11.94,4.97,2.84,0.1
Rennes,Angers,Ligue_1,2020-10-23,1,2,1.22,1.21,11,10,1,4,8,4,8.44,28.21,1.38,1.31
FC Ufa,FC Rotor Volgograd,RFPL,2020-10-03,0,0,0.92,0.23,13,6,4,0,2,4,8.64,16.77,1.98,0.64
Spartak Moscow,Zenit St. Petersburg,RFPL,2020-10-03,1,1,1.72,1.85,13,22,4,11,3,10,9.05,12.79,1.28,1.4
Brighton,West Bromwich Albion,Premier_League,2020-10-26,1,1,0.55,0.3,5,9,3,3,4,4,10.71,14.42,1.58,0.94
Arminia Bielefeld,FC Cologne,Bundesliga,2020-09-26,1,0,0.16,1.37,7,12,2,2,1,10,10.96,13.1,0.26,2.56
FK Akhmat,FC Rotor Volgograd,RFPL,2020-08-19,3,1,3.2,0.58,25,7,9,3,11,1,6.87,15.17,2.84,0.1
Paris Saint Germain,Dijon,Ligue_1,2020-10-24,4,0,4.09,1.49,20,16,9,3,10,2,8.05,17.1,2.73,0.2
Spezia,Fiorentina,Serie_A,2020-10-18,2,2,0.93,1.08,12,9,2,3,2,6,7.81,8.1,1.21,1.47
Getafe,Granada,La_Liga,2020-10-25,0,1,1.33,0.95,10,5,1,2,4,2,2.5,5.04,1.67,0.98
Paris Saint Germain,Marseille,Ligue_1,2020-09-13,0,1,2.22,0.5,14,5,4,2,6,1,4.38,12.38,2.68,0.21
FC Rostov,FK Akhmat,RFPL,2020-10-18,3,0,3.17,1.68,20,15,9,4,6,10,9.76,8.41,2.31,0.53
Sassuolo,Torino,Serie_A,2020-10-23,3,3,1.69,2.09,17,17,6,10,13,7,5.0,20.52,1.09,1.67
FK Akhmat,Ural,RFPL,2020-09-27,2,0,2.69,0.19,19,4,6,2,8,2,5.43,12.82,2.92,0.05
Atalanta,Sampdoria,Serie_A,2020-10-24,1,3,2.1,2.5,20,7,5,4,12,3,7.27,10.13,1.05,1.7
Saint-Etienne,Strasbourg,Ligue_1,2020-09-12,2,0,1.76,1.3,10,14,4,6,2,4,9.8,9.09,1.84,0.89
Rennes,Reims,Ligue_1,2020-10-04,2,2,2.09,1.05,18,9,3,4,7,2,6.15,20.38,2.12,0.65
FC Rostov,Khimki,RFPL,2020-10-25,0,2,1.5,1.84,14,14,7,9,6,6,6.52,19.55,1.11,1.63
Nantes,Nimes,Ligue_1,2020-08-30,2,1,2.16,0.87,8,17,5,9,1,8,16.71,5.96,2.36,0.46
Granada,Sevilla,La_Liga,2020-10-17,1,0,1.09,0.7,13,8,3,3,5,5,8.0,11.41,1.71,0.95
AC Milan,Bologna,Serie_A,2020-09-21,2,0,2.94,0.83,17,13,5,4,6,3,9.26,13.5,2.67,0.23
Manchester United,Chelsea,Premier_League,2020-10-24,0,0,0.65,0.22,14,6,4,1,6,1,22.06,14.68,1.73,0.79
Getafe,Osasuna,La_Liga,2020-09-19,1,0,0.7,0.49,7,10,1,3,2,3,6.17,12.5,1.54,1.05
Arsenal Tula,FK Akhmat,RFPL,2020-08-09,0,0,0.81,0.45,6,10,1,2,6,4,7.73,9.31,1.73,0.88
FC Krasnodar,Rubin Kazan,RFPL,2020-10-17,3,1,2.56,0.8,11,8,4,3,6,4,8.32,8.7,2.68,0.21
Wolverhampton Wanderers,Newcastle United,Premier_League,2020-10-25,1,1,0.76,0.25,16,5,3,2,5,4,10.19,31.31,1.79,0.78
Dijon,Brest,Ligue_1,2020-09-13,0,2,0.3,2.2,7,19,3,5,5,4,11.43,9.97,0.18,2.71
Spartak Moscow,PFC Sochi,RFPL,2020-08-09,2,2,1.46,2.13,13,15,4,4,9,4,25.0,22.77,0.86,1.9
Lokomotiv Moscow,FC Krasnodar,RFPL,2020-08-15,1,0,1.53,1.45,16,16,9,3,5,13,13.91,6.17,1.4,1.34
FC Krasnodar,CSKA Moscow,RFPL,2020-08-26,1,1,0.9,0.83,18,18,7,10,14,8,10.24,8.61,1.39,1.27
Burnley,Tottenham,Premier_League,2020-10-26,0,1,0.95,0.8,13,9,4,3,4,6,14.87,9.78,1.46,1.2
Dinamo Moscow,FK Akhmat,RFPL,2020-09-21,1,0,1.14,0.85,22,10,3,4,10,5,5.48,11.5,1.57,1.12
Marseille,Bordeaux,Ligue_1,2020-10-17,3,1,0.98,0.51,6,8,4,4,3,1,10.78,12.67,1.91,0.74
Montpellier,Nimes,Ligue_1,2020-10-04,0,1,0.69,0.59,12,8,2,1,6,4,10.74,7.82,1.38,1.22
Lille,Lens,Ligue_1,2020-10-18,4,0,2.9,0.25,17,7,6,2,4,1,10.95,11.59,2.88,0.07
Metz,Lorient,Ligue_1,2020-10-04,3,1,1.6,0.85,16,10,8,4,6,1,9.24,12.63,2.01,0.7
Levante,Celta Vigo,La_Liga,2020-10-26,1,1,1.19,0.82,10,11,3,3,10,3,6.03,8.41,1.72,0.95
Celta Vigo,Atletico Madrid,La_Liga,2020-10-17,0,2,1.9,1.51,15,9,5,4,12,7,13.83,9.52,1.65,1.1
Metz,Monaco,Ligue_1,2020-08-30,0,1,0.63,0.19,14,3,4,2,4,2,8.74,10.37,1.76,0.77
Freiburg,Wolfsburg,Bundesliga,2020-09-27,1,1,0.92,0.41,19,8,7,2,2,6,7.83,11.17,1.79,0.83
Montpellier,Lyon,Ligue_1,2020-09-15,2,1,1.75,2.17,10,19,3,7,3,10,11.09,8.74,1.04,1.67
Barcelona,Villarreal,La_Liga,2020-09-27,4,0,3.51,0.24,17,5,9,1,17,6,14.95,19.15,2.95,0.03
Ural,FC Tambov,RFPL,2020-10-25,0,0,0.64,0.17,12,6,1,1,5,0,6.56,22.07,1.8,0.72
Napoli,Genoa,Serie_A,2020-09-27,6,0,2.34,0.27,18,6,9,0,6,2,12.84,37.92,2.74,0.16
Werder Bremen,Hertha Berlin,Bundesliga,2020-09-19,1,4,0.5,2.05,16,13,6,6,6,3,12.09,4.79,0.35,2.49
Getafe,Real Betis,La_Liga,2020-09-29,3,0,0.91,0.44,8,10,4,2,1,3,13.84,3.58,1.81,0.83
Strasbourg,Lyon,Ligue_1,2020-10-18,2,3,1.93,4.16,20,14,9,8,6,8,7.29,12.25,0.25,2.65
Sassuolo,Cagliari,Serie_A,2020-09-20,1,1,2.03,0.96,33,8,9,4,15,4,9.26,18.64,2.13,0.64
Verona,Genoa,Serie_A,2020-10-19,0,0,0.88,0.38,18,6,10,2,9,1,6.9,12.86,1.8,0.82
Crystal Palace,Southampton,Premier_League,2020-09-12,1,0,1.4,1.26,5,9,3,5,1,14,17.33,3.61,1.48,1.22
Nimes,Lens,Ligue_1,2020-09-27,1,1,0.37,1.37,13,15,4,6,5,6,12.5,10.59,0.52,2.22
Arsenal Tula,Dinamo Moscow,RFPL,2020-08-22,2,0,1.62,0.8,12,7,4,3,4,3,13.0,6.73,2.11,0.62
Rennes,Monaco,Ligue_1,2020-09-19,2,1,0.86,0.82,14,14,3,2,3,2,13.8,20.53,1.35,1.29
PFC Sochi,Khimki,RFPL,2020-08-14,1,1,1.08,1.24,15,13,5,5,5,5,12.06,11.0,1.19,1.51
Genoa,Crotone,Serie_A,2020-09-20,4,1,2.23,1.32,14,13,6,3,4,4,8.94,9.42,2.04,0.75
Mainz 05,Borussia M.Gladbach,Bundesliga,2020-10-24,2,3,1.9,3.08,15,22,7,11,13,7,13.9,6.06,0.69,2.13
FC Rostov,Ural,RFPL,2020-08-26,1,0,0.74,0.16,12,6,2,1,4,3,10.71,12.82,1.92,0.65
CSKA Moscow,Dinamo Moscow,RFPL,2020-10-18,3,1,1.83,0.54,18,10,10,3,8,3,6.47,12.96,2.38,0.42
Angers,Metz,Ligue_1,2020-10-18,1,1,1.09,1.16,7,7,2,3,4,5,10.5,10.17,1.17,1.35
Dinamo Moscow,PFC Sochi,RFPL,2020-10-24,3,1,1.21,0.34,19,11,9,6,6,9,11.39,7.18,2.14,0.57
VfB Stuttgart,Bayer Leverkusen,Bundesliga,2020-10-03,1,1,0.8,1.7,12,15,3,6,5,4,12.43,7.9,0.66,2.1
Valencia,Levante,La_Liga,2020-09-13,4,2,1.73,2.37,14,19,8,8,4,5,14.5,9.91,0.91,1.84
Atletico Madrid,Villarreal,La_Liga,2020-10-03,0,0,0.61,0.2,13,6,0,2,8,7,10.77,15.14,1.71,0.8
Arsenal,West Ham,Premier_League,2020-09-19,2,1,1.33,2.06,7,14,3,3,16,4,12.76,18.26,0.82,1.94
FC Krasnodar,Spartak Moscow,RFPL,2020-10-24,1,3,1.69,1.23,17,13,6,5,3,5,10.6,8.08,1.76,0.96
Brighton,Chelsea,Premier_League,2020-09-14,1,3,1.44,1.27,13,10,3,5,3,6,9.34,12.7,1.48,1.21
Celta Vigo,Valencia,La_Liga,2020-09-19,2,1,2.34,0.46,23,9,6,3,8,2,9.41,8.82,2.69,0.2
Cadiz,Villarreal,La_Liga,2020-10-25,0,0,0.21,0.75,5,7,0,2,4,4,24.45,4.94,0.65,1.96
Benevento,Bologna,Serie_A,2020-10-04,1,0,0.89,1.82,7,17,2,7,6,5,8.96,6.08,0.66,2.1
Borussia M.Gladbach,Union Berlin,Bundesliga,2020-09-26,1,1,1.48,0.77,14,14,6,2,1,3,11.05,14.18,1.96,0.78
Khimki,FC Rotor Volgograd,RFPL,2020-08-29,1,1,1.32,0.56,17,8,3,2,5,2,7.82,12.89,2.01,0.7
Metz,Saint-Etienne,Ligue_1,2020-10-25,2,0,0.33,0.63,6,10,3,0,1,4,7.18,4.94,0.91,1.64
Cagliari,Lazio,Serie_A,2020-09-26,0,2,0.92,1.99,9,16,2,6,0,8,11.15,13.85,0.53,2.25
Villarreal,Valencia,La_Liga,2020-10-18,2,1,1.6,0.68,16,11,6,3,11,1,10.35,14.57,2.16,0.6
Khimki,Spartak Moscow,RFPL,2020-10-17,2,3,1.66,2.46,22,10,10,7,12,9,19.59,6.67,0.78,2.0
Tottenham,Newcastle United,Premier_League,2020-09-27,1,1,3.19,0.94,23,6,12,1,6,4,9.68,35.7,2.75,0.16
Wolfsburg,Arminia Bielefeld,Bundesliga,2020-10-25,2,1,2.78,0.66,14,9,4,1,12,3,13.35,10.71,2.68,0.22
Liverpool,Leeds,Premier_League,2020-09-12,4,3,3.15,0.27,22,6,6,3,19,2,9.94,9.33,2.93,0.04
FC Tambov,FC Rostov,RFPL,2020-08-08,0,1,0.3,0.77,9,7,1,5,3,3,14.65,10.05,0.75,1.85
Paris Saint Germain,Angers,Ligue_1,2020-10-02,6,1,2.91,0.94,18,8,12,2,15,2,10.39,33.22,2.59,0.29
Fiorentina,Sampdoria,Serie_A,2020-10-02,1,2,2.03,2.18,22,18,5,8,5,6,8.21,12.48,1.28,1.48
CSKA Moscow,Lokomotiv Moscow,RFPL,2020-09-27,0,1,1.38,2.01,21,15,4,6,11,12,13.67,10.58,0.89,1.86
Rubin Kazan,Spartak Moscow,RFPL,2020-09-20,0,2,1.69,0.31,23,6,7,1,15,4,7.35,5.82,2.45,0.35
Leicester,Burnley,Premier_League,2020-09-20,4,2,0.99,1.52,14,16,6,5,14,6,7.47,16.1,0.95,1.78
Parma Calcio 1913,Verona,Serie_A,2020-10-04,1,0,1.23,0.63,11,8,4,2,3,10,24.33,6.82,1.91,0.78
Brest,Monaco,Ligue_1,2020-10-04,1,0,0.73,1.53,7,21,5,2,1,9,20.67,3.44,0.72,2.01
RasenBallsport Leipzig,Hertha Berlin,Bundesliga,2020-10-24,2,1,2.69,0.8,26,9,8,2,18,6,5.85,9.33,2.6,0.28
Marseille,Lille,Ligue_1,2020-09-20,1,1,0.87,1.49,11,14,2,7,5,7,8.12,11.46,0.81,1.9
Bordeaux,Nantes,Ligue_1,2020-08-21,0,0,0.6,0.19,5,6,1,1,0,2,24.46,13.0,1.86,0.7
Eibar,Celta Vigo,La_Liga,2020-09-12,0,0,0.34,0.78,8,6,1,3,1,2,4.41,5.23,0.81,1.8
Alaves,Athletic Club,La_Liga,2020-10-04,1,0,0.52,0.49,8,8,3,0,3,4,9.84,4.85,1.32,1.23
Everton,Liverpool,Premier_League,2020-10-17,2,2,1.36,2.49,11,22,5,8,2,13,14.1,8.72,0.68,2.13
Lokomotiv Moscow,Zenit St. Petersburg,RFPL,2020-08-30,0,0,0.3,0.61,7,9,1,0,8,11,12.29,11.12,0.91,1.62
Dinamo Moscow,FC Krasnodar,RFPL,2020-10-04,2,0,1.48,1.11,15,14,10,3,1,13,9.59,7.17,1.67,1.05
Cadiz,Sevilla,La_Liga,2020-09-27,1,3,1.1,2.21,12,14,5,5,3,13,31.31,3.43,0.64,2.15
Paris Saint Germain,Metz,Ligue_1,2020-09-16,1,0,2.42,0.98,20,7,8,1,11,4,6.94,36.3,2.34,0.48
Real Sociedad,Real Madrid,La_Liga,2020-09-20,0,0,0.72,0.77,6,16,1,4,4,7,13.24,7.0,1.26,1.37
Bayern Munich,Schalke 04,Bundesliga,2020-09-18,8,0,4.62,0.15,21,5,12,1,24,3,6.34,25.33,2.99,0.01
Werder Bremen,Hoffenheim,Bundesliga,2020-10-25,1,1,0.23,0.87,5,14,2,4,1,5,16.06,12.91,0.65,1.95
Leicester,West Ham,Premier_League,2020-10-04,0,3,0.46,2.03,4,14,0,6,2,3,7.32,34.18,0.31,2.53
Dinamo Moscow,Rubin Kazan,RFPL,2020-09-13,0,1,0.6,1.59,15,16,3,6,2,3,8.0,6.86,0.53,2.23
Strasbourg,Nice,Ligue_1,2020-08-29,0,2,0.23,1.21,6,3,0,2,4,1,16.28,12.76,0.33,2.45
Benevento,Inter,Serie_A,2020-09-30,2,5,1.25,4.53,11,18,6,8,2,12,21.35,7.32,0.06,2.9
Valencia,SD Huesca,La_Liga,2020-09-26,1,1,0.31,1.11,5,17,2,4,3,3,11.63,4.83,0.6,2.07
Arsenal Tula,PFC Sochi,RFPL,2020-09-20,3,2,0.75,1.42,12,13,5,4,4,4,15.67,8.33,0.72,1.98
Arminia Bielefeld,Bayern Munich,Bundesliga,2020-10-17,1,4,1.21,3.29,11,17,5,9,4,16,34.67,7.43,0.27,2.62
Real Sociedad,SD Huesca,La_Liga,2020-10-25,4,1,1.8,0.59,13,6,6,4,16,2,8.86,15.06,2.36,0.42
Augsburg,Borussia Dortmund,Bundesliga,2020-09-26,2,0,1.45,1.53,6,18,4,6,2,13,27.94,5.05,1.32,1.4
Khimki,CSKA Moscow,RFPL,2020-08-08,0,2,0.6,1.97,18,14,4,3,6,21,21.23,11.44,0.41,2.42
Sampdoria,Benevento,Serie_A,2020-09-26,2,3,1.36,1.27,9,14,3,5,2,5,14.43,8.31,1.43,1.25
Wolverhampton Wanderers,Fulham,Premier_League,2020-10-04,1,0,0.89,0.97,14,10,5,2,2,6,14.59,21.21,1.23,1.42
FC Ufa,Spartak Moscow,RFPL,2020-08-19,1,1,0.27,2.85,7,21,2,5,1,17,23.17,6.19,0.07,2.88
Nimes,Paris Saint Germain,Ligue_1,2020-10-16,0,4,0.14,4.12,5,30,2,11,0,11,14.72,3.85,0.01,2.99
Lokomotiv Moscow,FC Rotor Volgograd,RFPL,2020-10-24,1,2,1.95,1.0,20,5,3,3,18,1,3.2,22.54,2.2,0.53
Verona,Roma,Serie_A,2020-09-19,0,0,0.91,1.78,8,21,3,4,3,9,8.42,5.06,0.72,2.03
Brest,Lorient,Ligue_1,2020-09-20,3,2,1.21,1.5,14,9,6,4,10,1,6.08,15.05,1.11,1.6
Reims,Lille,Ligue_1,2020-08-30,0,1,0.21,0.91,4,10,0,3,0,0,10.81,16.39,0.59,2.04
Sassuolo,Crotone,Serie_A,2020-10-03,4,1,1.86,1.59,7,15,4,6,4,13,8.35,9.74,1.6,1.11
Liverpool,Arsenal,Premier_League,2020-09-28,3,1,2.74,1.18,21,4,8,3,11,3,8.83,35.86,2.43,0.4
Cagliari,Crotone,Serie_A,2020-10-25,4,2,2.08,1.41,19,12,8,6,9,6,13.81,13.06,1.88,0.88
FC Cologne,Hoffenheim,Bundesliga,2020-09-19,2,3,2.41,2.9,13,13,6,7,5,10,11.91,11.54,0.99,1.76
FC Tambov,Spartak Moscow,RFPL,2020-09-26,0,2,0.51,0.65,9,15,2,4,6,2,12.35,6.5,1.14,1.44
SD Huesca,Cadiz,La_Liga,2020-09-20,0,2,0.22,1.51,4,6,0,4,0,1,3.68,12.0,0.18,2.69
FC Rotor Volgograd,Spartak Moscow,RFPL,2020-08-26,0,1,0.95,2.82,12,22,6,6,1,15,17.0,3.4,0.25,2.63
Alaves,Real Betis,La_Liga,2020-09-13,0,1,1.18,0.34,7,11,2,4,1,4,8.56,9.94,2.37,0.4
Dinamo Moscow,FC Rotor Volgograd,RFPL,2020-08-15,0,0,1.49,0.13,21,3,3,2,8,3,11.05,14.73,2.57,0.25
VfB Stuttgart,Freiburg,Bundesliga,2020-09-19,2,3,2.16,2.07,26,7,7,6,12,4,7.62,12.11,1.41,1.35
Southampton,Everton,Premier_League,2020-10-25,2,0,0.74,0.29,12,6,6,2,6,6,13.88,11.69,1.75,0.82
Lens,Paris Saint Germain,Ligue_1,2020-09-10,1,0,1.72,0.34,7,8,3,1,5,4,15.37,4.88,2.56,0.28
Werder Bremen,Arminia Bielefeld,Bundesliga,2020-10-03,1,0,0.35,1.02,7,10,2,5,5,7,20.58,7.7,0.65,2.03
Wolverhampton Wanderers,Manchester City,Premier_League,2020-09-21,1,3,0.73,2.08,10,14,1,9,3,9,30.71,7.6,0.42,2.41
Chelsea,Liverpool,Premier_League,2020-09-20,0,2,0.92,2.69,5,18,3,6,1,14,40.9,11.44,0.37,2.44
Nantes,Brest,Ligue_1,2020-10-18,3,1,1.91,0.84,12,14,8,5,5,1,12.78,4.22,2.26,0.52
Saint-Etienne,Lorient,Ligue_1,2020-08-30,2,0,1.39,0.21,13,6,5,1,2,1,9.13,6.7,2.43,0.35
Elche,SD Huesca,La_Liga,2020-10-03,0,0,0.19,1.7,2,18,0,4,0,12,10.39,7.72,0.24,2.6
FC Krasnodar,FC Rostov,RFPL,2020-08-30,1,1,1.55,0.63,23,14,7,4,21,6,6.76,11.26,2.12,0.64
Tottenham,West Ham,Premier_League,2020-10-18,3,3,1.78,1.5,11,13,6,4,1,7,12.3,18.06,1.58,1.12
Juventus,Sampdoria,Serie_A,2020-09-20,3,0,2.14,0.61,20,15,8,1,10,1,6.79,21.65,2.55,0.3
Nice,Paris Saint Germain,Ligue_1,2020-09-20,0,3,0.93,3.33,14,14,5,6,6,11,25.15,15.13,0.13,2.8
Ural,Dinamo Moscow,RFPL,2020-08-10,0,2,0.96,1.87,14,15,2,7,4,10,19.08,12.5,0.68,2.08
Schalke 04,Werder Bremen,Bundesliga,2020-09-26,1,3,1.68,3.1,17,17,4,7,3,4,3.95,9.47,0.49,2.34
Borussia Dortmund,Freiburg,Bundesliga,2020-10-03,4,0,2.83,0.45,16,6,7,2,15,0,8.26,23.86,2.85,0.09
Cadiz,Granada,La_Liga,2020-10-04,1,1,1.09,0.82,14,13,4,5,1,4,9.54,4.0,1.6,1.07
Leeds,Fulham,Premier_League,2020-09-19,4,3,1.45,1.56,10,14,7,6,5,4,7.62,9.42,1.26,1.43
Nantes,Saint-Etienne,Ligue_1,2020-09-20,2,2,1.34,1.04,15,6,3,4,8,3,8.0,10.55,1.56,1.05
Aston Villa,Sheffield United,Premier_League,2020-09-21,1,0,0.81,0.85,18,4,2,1,17,2,4.45,17.64,1.16,1.46
FC Rotor Volgograd,PFC Sochi,RFPL,2020-08-22,1,2,0.65,1.54,13,17,2,8,4,8,10.24,15.21,0.64,2.11
Brighton,Manchester United,Premier_League,2020-09-26,2,3,2.98,1.58,18,7,5,3,10,6,6.64,11.13,2.34,0.48
Verona,Udinese,Serie_A,2020-09-27,1,0,1.35,2.15,13,22,2,5,5,5,5.81,7.3,0.82,1.95
PFC Sochi,FC Krasnodar,RFPL,2020-09-26,1,1,1.03,1.39,7,26,2,9,1,17,16.73,4.64,1.1,1.59
FK Akhmat,PFC Sochi,RFPL,2020-09-12,0,1,1.44,0.28,20,8,6,1,6,6,6.82,18.79,2.38,0.39
Real Betis,Real Madrid,La_Liga,2020-09-26,2,3,1.41,3.86,15,11,5,4,5,7,15.68,10.25,0.19,2.73
Getafe,Barcelona,La_Liga,2020-10-17,1,0,1.71,0.63,9,7,4,1,4,4,11.4,5.07,2.3,0.49
Lyon,Monaco,Ligue_1,2020-10-25,4,1,3.43,1.89,15,18,6,5,6,7,18.89,6.96,2.34,0.51
Union Berlin,Augsburg,Bundesliga,2020-09-19,1,3,1.05,1.42,15,9,3,5,1,0,13.22,21.25,1.02,1.69
Lokomotiv Moscow,Khimki,RFPL,2020-10-04,2,1,1.9,1.25,18,11,7,2,10,5,9.19,8.65,1.87,0.87
FC Ufa,Dinamo Moscow,RFPL,2020-08-30,1,1,0.56,0.58,7,11,2,6,6,5,16.39,11.57,1.3,1.28
Hertha Berlin,VfB Stuttgart,Bundesliga,2020-10-17,0,2,1.43,1.41,15,7,4,2,10,1,5.4,13.16,1.34,1.37
Southampton,West Bromwich Albion,Premier_League,2020-10-04,2,0,0.95,0.16,13,5,7,2,6,1,5.09,15.84,2.12,0.52
Saint-Etienne,Rennes,Ligue_1,2020-09-26,0,3,0.2,1.37,6,10,4,6,4,4,18.39,11.48,0.36,2.4
Atletico Madrid,Granada,La_Liga,2020-09-27,6,1,3.6,1.31,17,11,10,6,14,4,6.93,9.9,2.7,0.2
Arsenal Tula,FC Ufa,RFPL,2020-08-14,2,3,0.7,1.39,18,6,7,4,9,3,7.25,9.32,0.7,2.03
Dinamo Moscow,Zenit St. Petersburg,RFPL,2020-08-26,1,0,0.15,0.74,6,18,2,4,1,10,17.31,10.83,0.68,1.87
FC Rotor Volgograd,FC Tambov,RFPL,2020-10-18,0,2,1.45,1.29,16,9,5,4,5,2,6.55,14.35,1.49,1.17
Angers,Bordeaux,Ligue_1,2020-08-30,0,2,0.51,2.29,12,7,2,7,6,2,8.32,7.97,0.24,2.63
Nice,Nantes,Ligue_1,2020-10-03,2,1,1.97,1.14,18,11,7,1,11,3,3.6,32.71,2.0,0.74
Dijon,Montpellier,Ligue_1,2020-09-27,2,2,1.61,2.31,15,14,6,5,7,6,9.67,8.84,0.89,1.88
Dijon,Angers,Ligue_1,2020-08-22,0,1,0.74,2.02,9,12,1,4,5,6,22.0,24.13,0.42,2.38
Spartak Moscow,Arsenal Tula,RFPL,2020-08-29,2,1,1.01,0.45,7,5,3,2,3,1,4.48,12.71,1.89,0.76
